{
"type": "FeatureCollection",
"name": "2020",
"crs": { "type": "name", "properties": { "name": "urn:ogc:def:crs:OGC:1.3:CRS84" } },
"features": [
{ "type": "Feature", "properties": { "_uid_": 5303.0, "id": 23357413.0, "initialdat": "2020-07-30", "finaldate": "2020-08-03", "area_ha": 428.88472383966445 }, "geometry": { "type": "MultiPolygon", "coordinates": [ [ [ [ -60.164868124490255, -30.629166663970789 ], [ -60.167458955015611, -30.633333330637083 ], [ -60.172301406440575, -30.633333330637083 ], [ -60.169710367397677, -30.629166663970789 ], [ -60.174892986893141, -30.637499997303383 ], [ -60.179735646879216, -30.637499997303383 ], [ -60.177143857865545, -30.633333330637083 ], [ -60.181986309290508, -30.633333330637083 ], [ -60.1793948532125, -30.629166663970789 ], [ -60.189079339027323, -30.629166663970789 ], [ -60.186488007400769, -30.624999997304489 ], [ -60.191330041834206, -30.624999997304489 ], [ -60.188739043166422, -30.620833330638192 ], [ -60.186148585834097, -30.616666663971898 ], [ -60.181306968217974, -30.616666663971898 ], [ -60.166782115369614, -30.616666663971898 ], [ -60.169371739154414, -30.620833330638192 ], [ -60.159688087148417, -30.620833330638192 ], [ -60.162277835233617, -30.624999997304489 ], [ -60.157435800800194, -30.624999997304489 ], [ -60.160025881582833, -30.629166663970789 ], [ -60.164868124490255, -30.629166663970789 ] ] ] ] } },
{ "type": "Feature", "properties": { "_uid_": 5306.0, "id": 23357417.0, "initialdat": "2020-07-31", "finaldate": "2020-07-31", "area_ha": 64.334678336334235 }, "geometry": { "type": "MultiPolygon", "coordinates": [ [ [ [ -59.9456738414342, -30.658333330634875 ], [ -59.940830137988705, -30.658333330634875 ], [ -59.943414318986861, -30.662499997301168 ], [ -59.938570406718654, -30.662499997301168 ], [ -59.941154918717437, -30.666666663967465 ], [ -59.950843160986523, -30.666666663967465 ], [ -59.9456738414342, -30.658333330634875 ] ] ] ] } },
{ "type": "Feature", "properties": { "_uid_": 5310.0, "id": 23357430.0, "initialdat": "2020-07-19", "finaldate": "2020-07-19", "area_ha": 21.444607302117348 }, "geometry": { "type": "MultiPolygon", "coordinates": [ [ [ [ -59.916923216936461, -30.68333333063266 ], [ -59.917583667635718, -30.68333333063266 ], [ -59.916932337234051, -30.682283559919053 ], [ -59.916923216936461, -30.68333333063266 ] ] ] ] } },
{ "type": "Feature", "properties": { "_uid_": 5317.0, "id": 23357438.0, "initialdat": "2020-07-09", "finaldate": "2020-07-16", "area_ha": 300.22500996007921 }, "geometry": { "type": "MultiPolygon", "coordinates": [ [ [ [ -60.125054794360018, -30.720833330629336 ], [ -60.120207953989649, -30.720833330629336 ], [ -60.117610132408657, -30.716666663963036 ], [ -60.107916870536272, -30.716666663963036 ], [ -60.110514273248896, -30.720833330629336 ], [ -60.115361113619265, -30.720833330629336 ], [ -60.120557965375049, -30.72916666396193 ], [ -60.125405224745002, -30.72916666396193 ], [ -60.122806318069145, -30.724999997295637 ], [ -60.127653367917439, -30.724999997295637 ], [ -60.125054794360018, -30.720833330629336 ] ] ], [ [ [ -60.120557965375049, -30.72916666396193 ], [ -60.117959268220858, -30.724999997295637 ], [ -60.113112218372564, -30.724999997295637 ], [ -60.110514273248896, -30.720833330629336 ], [ -60.105667432878526, -30.720833330629336 ], [ -60.095973752137759, -30.720833330629336 ], [ -60.098571068827674, -30.724999997295637 ], [ -60.103767329438242, -30.733333330628227 ], [ -60.108614798373601, -30.733333330628227 ], [ -60.10601618726519, -30.72916666396193 ], [ -60.110863446635157, -30.72916666396193 ], [ -60.113462267308982, -30.733333330628227 ], [ -60.118309736244349, -30.733333330628227 ], [ -60.115710706005096, -30.72916666396193 ], [ -60.120557965375049, -30.72916666396193 ] ] ] ] } },
{ "type": "Feature", "properties": { "_uid_": 5320.0, "id": 23357444.0, "initialdat": "2020-07-29", "finaldate": "2020-07-29", "area_ha": 21.444827765870095 }, "geometry": { "type": "MultiPolygon", "coordinates": [ [ [ [ -60.110863446635157, -30.72916666396193 ], [ -60.10601618726519, -30.72916666396193 ], [ -60.108614798373601, -30.733333330628227 ], [ -60.113462267308982, -30.733333330628227 ], [ -60.110863446635157, -30.72916666396193 ] ] ] ] } },
{ "type": "Feature", "properties": { "_uid_": 5322.0, "id": 23357449.0, "initialdat": "2020-07-19", "finaldate": "2020-07-19", "area_ha": 21.444919548153877 }, "geometry": { "type": "MultiPolygon", "coordinates": [ [ [ [ -59.949323902742883, -30.749999997293415 ], [ -59.944475595108202, -30.749999997293415 ], [ -59.947069368046712, -30.754166663959712 ], [ -59.951917885465683, -30.754166663959712 ], [ -59.949323902742883, -30.749999997293415 ] ] ] ] } },
{ "type": "Feature", "properties": { "_uid_": 5327.0, "id": 23357454.0, "initialdat": "2020-07-22", "finaldate": "2020-08-03", "area_ha": 214.45011684665681 }, "geometry": { "type": "MultiPolygon", "coordinates": [ [ [ [ -59.936270011680548, -30.783540292432889 ], [ -59.9387378712265, -30.787499997290091 ], [ -59.943588068497199, -30.787499997290091 ], [ -59.948438265767919, -30.787499997290091 ], [ -59.95103607528322, -30.791666663956391 ], [ -59.955886482732687, -30.791666663956391 ], [ -59.953288463038611, -30.787499997290091 ], [ -59.950690985525839, -30.78333333062379 ], [ -59.948094050096437, -30.779166663957497 ], [ -59.952943827141205, -30.779166663957497 ], [ -59.950347223650049, -30.7749999972912 ], [ -59.940648089654928, -30.7749999972912 ], [ -59.94324427305169, -30.779166663957497 ], [ -59.945840998390047, -30.78333333062379 ], [ -59.940991011254226, -30.78333333062379 ], [ -59.936240639708643, -30.78333333062379 ], [ -59.936270011680548, -30.783540292432889 ] ] ], [ [ [ -59.960736890182147, -30.791666663956391 ], [ -59.9581389314219, -30.787499997290091 ], [ -59.962988857580029, -30.787499997290091 ], [ -59.960390959797451, -30.78333333062379 ], [ -59.955540972661645, -30.78333333062379 ], [ -59.950690985525839, -30.78333333062379 ], [ -59.955886482732687, -30.791666663956391 ], [ -59.960736890182147, -30.791666663956391 ] ] ] ] } },
{ "type": "Feature", "properties": { "_uid_": 5329.0, "id": 23357459.0, "initialdat": "2020-07-26", "finaldate": "2020-08-02", "area_ha": 128.67280905693769 }, "geometry": { "type": "MultiPolygon", "coordinates": [ [ [ [ -60.30487429517742, -30.891666663947529 ], [ -60.300018830258317, -30.891666663947529 ], [ -60.30264269052153, -30.895833330613829 ], [ -60.307498366718534, -30.895833330613829 ], [ -60.30487429517742, -30.891666663947529 ] ] ], [ [ [ -60.317604250800187, -30.904166663946423 ], [ -60.31497887311702, -30.89999999728013 ], [ -60.310122985598035, -30.89999999728013 ], [ -60.305267098079057, -30.89999999728013 ], [ -60.307892053030123, -30.904166663946423 ], [ -60.312748151915152, -30.904166663946423 ], [ -60.317604250800187, -30.904166663946423 ] ] ], [ [ [ -60.317604250800187, -30.904166663946423 ], [ -60.32246034968523, -30.904166663946423 ], [ -60.327316448570251, -30.904166663946423 ], [ -60.324690648154991, -30.89999999728013 ], [ -60.31983476063602, -30.89999999728013 ], [ -60.317209719112569, -30.895833330613829 ], [ -60.312354042915551, -30.895833330613829 ], [ -60.317604250800187, -30.904166663946423 ] ] ] ] } },
{ "type": "Feature", "properties": { "_uid_": 5336.0, "id": 23357469.0, "initialdat": "2020-07-29", "finaldate": "2020-07-29", "area_ha": 64.339267095422741 }, "geometry": { "type": "MultiPolygon", "coordinates": [ [ [ [ -60.377659238446512, -31.00691786344634 ], [ -60.375916633337006, -31.004166663937561 ], [ -60.371055448422887, -31.004166663937561 ], [ -60.373694120548045, -31.008333330603861 ], [ -60.368832723163337, -31.008333330603861 ], [ -60.371471732757627, -31.012499997270154 ], [ -60.378562171809754, -31.012499997270154 ], [ -60.377659238446512, -31.00691786344634 ] ] ] ] } },
{ "type": "Feature", "properties": { "_uid_": 5338.0, "id": 23357472.0, "initialdat": "2020-07-28", "finaldate": "2020-07-28", "area_ha": 21.446302417862416 }, "geometry": { "type": "MultiPolygon", "coordinates": [ [ [ [ -60.354541144278642, -31.062499997265729 ], [ -60.349676980743482, -31.062499997265729 ], [ -60.352320804664153, -31.066666663932022 ], [ -60.357185181290639, -31.066666663932022 ], [ -60.354541144278642, -31.062499997265729 ] ] ] ] } },
{ "type": "Feature", "properties": { "_uid_": 5340.0, "id": 23357477.0, "initialdat": "2020-07-27", "finaldate": "2020-07-30", "area_ha": 42.893641658699515 }, "geometry": { "type": "MultiPolygon", "coordinates": [ [ [ [ -60.292418636742298, -31.179166663922061 ], [ -60.287548489841107, -31.179166663922061 ], [ -60.282678342939903, -31.179166663922061 ], [ -60.285331413048738, -31.183333330588354 ], [ -60.290201774287482, -31.183333330588354 ], [ -60.295072135526226, -31.183333330588354 ], [ -60.292418636742298, -31.179166663922061 ] ] ] ] } },
{ "type": "Feature", "properties": { "_uid_": 5346.0, "id": 23357485.0, "initialdat": "2020-07-26", "finaldate": "2020-08-04", "area_ha": 235.92152036489247 }, "geometry": { "type": "MultiPolygon", "coordinates": [ [ [ [ -60.299115389620887, -31.30416666391098 ], [ -60.294238793147798, -31.30416666391098 ], [ -60.299572680242385, -31.312499997243577 ], [ -60.304449708120117, -31.312499997243577 ], [ -60.301782548870499, -31.308333330577277 ], [ -60.306659083601637, -31.308333330577277 ], [ -60.311535895754616, -31.308333330577277 ], [ -60.308868582567079, -31.30416666391098 ], [ -60.313745179040168, -31.30416666391098 ], [ -60.311078205049206, -31.299999997244687 ], [ -60.306201824211144, -31.299999997244687 ], [ -60.300869971586955, -31.291666663912086 ], [ -60.298204877115175, -31.287499997245792 ], [ -60.29332914291308, -31.287499997245792 ], [ -60.295994021884383, -31.291666663912086 ], [ -60.29865945533713, -31.295833330578386 ], [ -60.293783290089216, -31.295833330578386 ], [ -60.296449062535004, -31.299999997244687 ], [ -60.299115389620887, -31.30416666391098 ] ] ] ] } },
{ "type": "Feature", "properties": { "_uid_": 75183.0, "id": 23505598.0, "initialdat": "2020-08-02", "finaldate": "2020-08-11", "area_ha": 922.06634566446542 }, "geometry": { "type": "MultiPolygon", "coordinates": [ [ [ [ -59.892035717746104, -30.415569478400386 ], [ -59.892040541132296, -30.415669962510083 ], [ -59.892107088600653, -30.41666666398962 ], [ -59.89333303068495, -30.41666666398962 ], [ -59.89168416699632, -30.413979359506428 ], [ -59.892035717746104, -30.415569478400386 ] ] ] ] } },
{ "type": "Feature", "properties": { "_uid_": 75208.0, "id": 23505634.0, "initialdat": "2020-08-04", "finaldate": "2020-08-09", "area_ha": 64.332703066635133 }, "geometry": { "type": "MultiPolygon", "coordinates": [ [ [ [ -59.928912158214615, -30.599999997306703 ], [ -59.933752942718534, -30.599999997306703 ], [ -59.931175599067842, -30.59583333064041 ], [ -59.928598793994283, -30.591666663974113 ], [ -59.923758425785394, -30.591666663974113 ], [ -59.926335022733191, -30.59583333064041 ], [ -59.921494446398555, -30.59583333064041 ], [ -59.924071373710724, -30.599999997306703 ], [ -59.928912158214615, -30.599999997306703 ] ] ] ] } },
{ "type": "Feature", "properties": { "_uid_": 75222.0, "id": 23505649.0, "initialdat": "2020-08-09", "finaldate": "2020-08-14", "area_ha": 193.00029525394439 }, "geometry": { "type": "MultiPolygon", "coordinates": [ [ [ [ -60.183015310263997, -30.658333330634875 ], [ -60.187859013709506, -30.658333330634875 ], [ -60.185264724747597, -30.654166663968574 ], [ -60.190108219414014, -30.654166663968574 ], [ -60.187514263613416, -30.649999997302281 ], [ -60.182671248582132, -30.649999997302281 ], [ -60.180077772416666, -30.64583333063598 ], [ -60.175234695177608, -30.64583333063598 ], [ -60.170391617938563, -30.64583333063598 ], [ -60.172984405820628, -30.649999997302281 ], [ -60.178171606818488, -30.658333330634875 ], [ -60.183015310263997, -30.658333330634875 ] ] ], [ [ [ -60.172984405820628, -30.649999997302281 ], [ -60.168141119889675, -30.649999997302281 ], [ -60.170734240748359, -30.654166663968574 ], [ -60.173327903372979, -30.658333330634875 ], [ -60.178171606818488, -30.658333330634875 ], [ -60.175577735414777, -30.654166663968574 ], [ -60.172984405820628, -30.649999997302281 ] ] ] ] } },
{ "type": "Feature", "properties": { "_uid_": 75246.0, "id": 23505682.0, "initialdat": "2020-08-11", "finaldate": "2020-08-11", "area_ha": 42.889802455127239 }, "geometry": { "type": "MultiPolygon", "coordinates": [ [ [ [ -60.043692419379973, -30.745833330627121 ], [ -60.0339962235916, -30.745833330627121 ], [ -60.036593440167238, -30.749999997293415 ], [ -60.0462900554366, -30.749999997293415 ], [ -60.043692419379973, -30.745833330627121 ] ] ] ] } },
{ "type": "Feature", "properties": { "_uid_": 75250.0, "id": 23505688.0, "initialdat": "2020-08-09", "finaldate": "2020-08-12", "area_ha": 107.22538885121345 }, "geometry": { "type": "MultiPolygon", "coordinates": [ [ [ [ -59.980138519980024, -30.791666663956391 ], [ -59.984988927429505, -30.791666663956391 ], [ -59.982389646662853, -30.787499997290091 ], [ -59.979790908340675, -30.78333333062379 ], [ -59.970090934069049, -30.78333333062379 ], [ -59.972689252121434, -30.787499997290091 ], [ -59.967839054850728, -30.787499997290091 ], [ -59.970437705081082, -30.791666663956391 ], [ -59.980138519980024, -30.791666663956391 ] ] ] ] } },
{ "type": "Feature", "properties": { "_uid_": 75251.0, "id": 23505690.0, "initialdat": "2020-08-04", "finaldate": "2020-08-04", "area_ha": 21.445103518509864 }, "geometry": { "type": "MultiPolygon", "coordinates": [ [ [ [ -59.980138519980024, -30.791666663956391 ], [ -59.975288112530549, -30.791666663956391 ], [ -59.977887515394421, -30.795833330622688 ], [ -59.982738133066526, -30.795833330622688 ], [ -59.980138519980024, -30.791666663956391 ] ] ] ] } },
{ "type": "Feature", "properties": { "_uid_": 75266.0, "id": 23505717.0, "initialdat": "2020-08-11", "finaldate": "2020-08-11", "area_ha": 21.445600778687002 }, "geometry": { "type": "MultiPolygon", "coordinates": [ [ [ [ -60.283611558604974, -30.904166663946423 ], [ -60.27875545971996, -30.904166663946423 ], [ -60.281379693703009, -30.90833333061272 ], [ -60.286236003998162, -30.90833333061272 ], [ -60.283611558604974, -30.904166663946423 ] ] ] ] } },
{ "type": "Feature", "properties": { "_uid_": 75267.0, "id": 23505718.0, "initialdat": "2020-08-02", "finaldate": "2020-08-02", "area_ha": 42.891238494908819 }, "geometry": { "type": "MultiPolygon", "coordinates": [ [ [ [ -60.286236003998162, -30.90833333061272 ], [ -60.276523383407849, -30.90833333061272 ], [ -60.279147953264172, -30.912499997279014 ], [ -60.288860996762949, -30.912499997279014 ], [ -60.286236003998162, -30.90833333061272 ] ] ] ] } },
{ "type": "Feature", "properties": { "_uid_": 75285.0, "id": 23505744.0, "initialdat": "2020-08-03", "finaldate": "2020-08-03", "area_ha": 21.446376446783542 }, "geometry": { "type": "MultiPolygon", "coordinates": [ [ [ [ -60.355390565788902, -31.079166663930916 ], [ -60.350525549622049, -31.079166663930916 ], [ -60.353171151025897, -31.083333330597213 ], [ -60.358036380461698, -31.083333330597213 ], [ -60.355390565788902, -31.079166663930916 ] ] ] ] } },
{ "type": "Feature", "properties": { "_uid_": 75288.0, "id": 23505749.0, "initialdat": "2020-08-02", "finaldate": "2020-08-06", "area_ha": 107.23347459986209 }, "geometry": { "type": "MultiPolygon", "coordinates": [ [ [ [ -60.108945347750051, -31.150977291419451 ], [ -60.108325581229948, -31.149999997257975 ], [ -60.107332426329535, -31.149999997257975 ], [ -60.108945347750051, -31.150977291419451 ] ] ] ] } },
{ "type": "Feature", "properties": { "_uid_": 75298.0, "id": 23505759.0, "initialdat": "2020-08-02", "finaldate": "2020-08-07", "area_ha": 64.341166907882695 }, "geometry": { "type": "MultiPolygon", "coordinates": [ [ [ [ -60.178550229081281, -31.237499997250218 ], [ -60.183423380772055, -31.237499997250218 ], [ -60.180769139509636, -31.233333330583925 ], [ -60.178115450592131, -31.229166663917624 ], [ -60.173242728693289, -31.229166663917624 ], [ -60.175896202737185, -31.233333330583925 ], [ -60.171023265964735, -31.233333330583925 ], [ -60.173677077390522, -31.237499997250218 ], [ -60.178550229081281, -31.237499997250218 ] ] ] ] } },
{ "type": "Feature", "properties": { "_uid_": 75310.0, "id": 23505777.0, "initialdat": "2020-08-10", "finaldate": "2020-08-10", "area_ha": 21.447395929050444 }, "geometry": { "type": "MultiPolygon", "coordinates": [ [ [ [ -60.296905459295672, -31.308333330577277 ], [ -60.292028647142693, -31.308333330577277 ], [ -60.294695652364631, -31.312499997243577 ], [ -60.299572680242385, -31.312499997243577 ], [ -60.296905459295672, -31.308333330577277 ] ] ] ] } },
{ "type": "Feature", "properties": { "_uid_": 75322.0, "id": 23505795.0, "initialdat": "2020-08-04", "finaldate": "2020-08-04", "area_ha": 21.448121619462967 }, "geometry": { "type": "MultiPolygon", "coordinates": [ [ [ [ -60.362257121213169, -31.470833330562879 ], [ -60.357371862462649, -31.470833330562879 ], [ -60.360058842980102, -31.47499999722918 ], [ -60.364944319211844, -31.47499999722918 ], [ -60.362257121213169, -31.470833330562879 ] ] ] ] } },
{ "type": "Feature", "properties": { "_uid_": 117941.0, "id": 23357443.0, "initialdat": "2020-07-27", "finaldate": "2020-08-23", "area_ha": 5875.9021926252244 }, "geometry": { "type": "MultiPolygon", "coordinates": [ [ [ [ -59.918043478724968, -30.699686148269812 ], [ -59.918238317284342, -30.699999997297844 ], [ -59.918043476665652, -30.699686177722029 ], [ -59.918036536191579, -30.699785439879868 ], [ -59.919247418652382, -30.703600699946531 ], [ -59.91930722135146, -30.704166663964145 ], [ -59.925671811631545, -30.704166663964145 ], [ -59.923084110921025, -30.699999997297844 ], [ -59.927929904557693, -30.699999997297844 ], [ -59.932775698194362, -30.699999997297844 ], [ -59.930188119401983, -30.695833330631551 ], [ -59.935033703823038, -30.695833330631551 ], [ -59.937621491831031, -30.699999997297844 ], [ -59.942467285467707, -30.699999997297844 ], [ -59.939879288244086, -30.695833330631551 ], [ -59.944724872665141, -30.695833330631551 ], [ -59.942137206696373, -30.69166666396525 ], [ -59.946982581945491, -30.69166666396525 ], [ -59.951827957194617, -30.69166666396525 ], [ -59.949240413342466, -30.68749999729895 ], [ -59.954085579463332, -30.68749999729895 ], [ -59.951498366889737, -30.68333333063266 ], [ -59.956343323926028, -30.68333333063266 ], [ -59.953756442621007, -30.67916666396636 ], [ -59.944066946630251, -30.67916666396636 ], [ -59.934377720680111, -30.67916666396636 ], [ -59.931791945579349, -30.674999997300059 ], [ -59.922102867583106, -30.674999997300059 ], [ -59.924687954648753, -30.67916666396636 ], [ -59.927273581708292, -30.68333333063266 ], [ -59.929859748858995, -30.68749999729895 ], [ -59.925014582738129, -30.68749999729895 ], [ -59.927601080949017, -30.69166666396525 ], [ -59.918604206237781, -30.69166666396525 ], [ -59.918043478724968, -30.699686148269812 ] ] ], [ [ [ -59.921336595055436, -30.711839992455758 ], [ -59.921241744478372, -30.711856323405684 ], [ -59.921572039698454, -30.713288453306479 ], [ -59.923995062610985, -30.720551962376728 ], [ -59.924119335220986, -30.720833330629336 ], [ -59.931181179545, -30.720833330629336 ], [ -59.928591525897069, -30.716666663963036 ], [ -59.923413840589788, -30.708333330630438 ], [ -59.919931626579668, -30.708333330630438 ], [ -59.921336595055436, -30.711839992455758 ] ] ], [ [ [ -59.932962280849729, -30.734569963652579 ], [ -59.933026056944463, -30.734699646045801 ], [ -59.933003710866458, -30.734958909954038 ], [ -59.933044657477332, -30.735674893647289 ], [ -59.933496200071282, -30.735655623946947 ], [ -59.933959528356347, -30.73659772448384 ], [ -59.935969686985317, -30.745833330627121 ], [ -59.93703426570783, -30.745833330627121 ], [ -59.93962728747352, -30.749999997293415 ], [ -59.954172210377578, -30.749999997293415 ], [ -59.959020518012274, -30.749999997293415 ], [ -59.953833338022868, -30.741666663960821 ], [ -59.951240560129406, -30.737499997294528 ], [ -59.94639288158487, -30.737499997294528 ], [ -59.948985449825386, -30.741666663960821 ], [ -59.93928967343043, -30.741666663960821 ], [ -59.936697524495798, -30.737499997294528 ], [ -59.941545203040327, -30.737499997294528 ], [ -59.938953385635848, -30.733333330628227 ], [ -59.931877620719213, -30.733333330628227 ], [ -59.932962280849729, -30.734569963652579 ] ] ], [ [ [ -59.937045808079034, -30.755888255578054 ], [ -59.937789524360454, -30.762499997292306 ], [ -59.942560664373659, -30.762499997292306 ], [ -59.937389505413876, -30.754194245412148 ], [ -59.937045808079034, -30.755888255578054 ] ] ], [ [ [ -59.937902504491909, -30.763504406455674 ], [ -59.937253216934202, -30.766666663958606 ], [ -59.940306495329445, -30.766666663958606 ], [ -59.937806559278052, -30.762651440091243 ], [ -59.937902504491909, -30.763504406455674 ] ] ], [ [ [ -59.936831972074721, -30.787499997290091 ], [ -59.9387378712265, -30.787499997290091 ], [ -59.936270011680548, -30.783540292432889 ], [ -59.936831972074721, -30.787499997290091 ] ] ], [ [ [ -59.939008649365576, -30.794205553701318 ], [ -59.938573094582196, -30.801464690825668 ], [ -59.938671886434392, -30.802624585073293 ], [ -59.939232499564028, -30.805268021569653 ], [ -59.937836633083826, -30.81169773082625 ], [ -59.937669486968133, -30.813630726469903 ], [ -59.937653479373694, -30.8144576919718 ], [ -59.936378251302763, -30.820833330620474 ], [ -59.940124650393336, -30.820833330620474 ], [ -59.937524306087518, -30.816666663954177 ], [ -59.942375975531107, -30.816666663954177 ], [ -59.94722764497471, -30.816666663954177 ], [ -59.952079314418313, -30.816666663954177 ], [ -59.956930983861916, -30.816666663954177 ], [ -59.954330340347973, -30.812499997287883 ], [ -59.951730239471843, -30.808333330621583 ], [ -59.946878990868534, -30.808333330621583 ], [ -59.944280185251557, -30.804166663955282 ], [ -59.949130681135472, -30.804166663955282 ], [ -59.946531665240769, -30.799999997288989 ], [ -59.943933191689709, -30.795833330622688 ], [ -59.953634427033919, -30.795833330622688 ], [ -59.948438265767919, -30.787499997290091 ], [ -59.943588068497199, -30.787499997290091 ], [ -59.946185667833738, -30.791666663956391 ], [ -59.937760957170191, -30.791666663956391 ], [ -59.939008649365576, -30.794205553701318 ] ] ], [ [ [ -59.958681226220335, -30.741666663960821 ], [ -59.953495792441942, -30.733333330628227 ], [ -59.948648323506589, -30.733333330628227 ], [ -59.953833338022868, -30.741666663960821 ], [ -59.958681226220335, -30.741666663960821 ] ] ], [ [ [ -59.947928939653941, -30.833333330619368 ], [ -59.943076428002676, -30.833333330619368 ], [ -59.938223916351397, -30.833333330619368 ], [ -59.940826010556385, -30.837499997285661 ], [ -59.945678732869425, -30.837499997285661 ], [ -59.950531455182471, -30.837499997285661 ], [ -59.947928939653941, -30.833333330619368 ] ] ], [ [ [ -59.953134513762208, -30.841666663951958 ], [ -59.957987446780976, -30.841666663951958 ], [ -59.967693312818518, -30.841666663951958 ], [ -59.972546245837286, -30.841666663951958 ], [ -59.969942344434642, -30.837499997285661 ], [ -59.967338986259023, -30.833333330619368 ], [ -59.972191497910288, -30.833333330619368 ], [ -59.969588472245611, -30.829166663953067 ], [ -59.964736171212166, -30.829166663953067 ], [ -59.962133899195841, -30.824999997286767 ], [ -59.959532170111821, -30.820833330620474 ], [ -59.954680290182196, -30.820833330620474 ], [ -59.957281808736276, -30.824999997286767 ], [ -59.952429718276711, -30.824999997286767 ], [ -59.955031569145277, -30.829166663953067 ], [ -59.950179268111825, -30.829166663953067 ], [ -59.94532696707838, -30.829166663953067 ], [ -59.950531455182471, -30.837499997285661 ], [ -59.953134513762208, -30.841666663951958 ] ] ] ] } },
{ "type": "Feature", "properties": { "_uid_": 128762.0, "id": 23505686.0, "initialdat": "2020-08-16", "finaldate": "2020-08-16", "area_ha": 42.889968125927446 }, "geometry": { "type": "MultiPolygon", "coordinates": [ [ [ [ -60.034690469633794, -30.762499997292306 ], [ -60.029841532514837, -30.762499997292306 ], [ -60.032440288988056, -30.766666663958606 ], [ -60.037289436022725, -30.766666663958606 ], [ -60.034690469633794, -30.762499997292306 ] ] ], [ [ [ -60.032440288988056, -30.766666663958606 ], [ -60.027591141953394, -30.766666663958606 ], [ -60.030190230991622, -30.770833330624907 ], [ -60.035039587985807, -30.770833330624907 ], [ -60.032440288988056, -30.766666663958606 ] ] ] ] } },
{ "type": "Feature", "properties": { "_uid_": 128763.0, "id": 23505695.0, "initialdat": "2020-08-16", "finaldate": "2020-08-16", "area_ha": 21.445177055716513 }, "geometry": { "type": "MultiPolygon", "coordinates": [ [ [ [ -59.971135233885057, -30.808333330621583 ], [ -59.966283985281756, -30.808333330621583 ], [ -59.968884717352452, -30.812499997287883 ], [ -59.97373617635396, -30.812499997287883 ], [ -59.971135233885057, -30.808333330621583 ] ] ] ] } },
{ "type": "Feature", "properties": { "_uid_": 128764.0, "id": 23505700.0, "initialdat": "2020-08-16", "finaldate": "2020-08-17", "area_ha": 64.33563218414784 }, "geometry": { "type": "MultiPolygon", "coordinates": [ [ [ [ -60.000596008854316, -30.816666663954177 ], [ -59.995744339410713, -30.816666663954177 ], [ -60.000950622872395, -30.824999997286767 ], [ -60.005802713331967, -30.824999997286767 ], [ -60.003199361093145, -30.820833330620474 ], [ -60.008050969408039, -30.820833330620474 ], [ -60.005447678297912, -30.816666663954177 ], [ -60.000596008854316, -30.816666663954177 ] ] ] ] } },
{ "type": "Feature", "properties": { "_uid_": 128777.0, "id": 23505681.0, "initialdat": "2020-08-16", "finaldate": "2020-08-18", "area_ha": 85.780726085424419 }, "geometry": { "type": "MultiPolygon", "coordinates": [ [ [ [ -60.060834978340672, -30.749999997293415 ], [ -60.055986941925738, -30.749999997293415 ], [ -60.053388615168366, -30.745833330627121 ], [ -60.048540517274162, -30.745833330627121 ], [ -60.051138363071281, -30.749999997293415 ], [ -60.0462900554366, -30.749999997293415 ], [ -60.048888233845169, -30.754166663959712 ], [ -60.058585268683117, -30.754166663959712 ], [ -60.063433786102095, -30.754166663959712 ], [ -60.060834978340672, -30.749999997293415 ] ] ] ] } },
{ "type": "Feature", "properties": { "_uid_": 128781.0, "id": 23505738.0, "initialdat": "2020-08-01", "finaldate": "2020-08-18", "area_ha": 2337.6218822722913 }, "geometry": { "type": "MultiPolygon", "coordinates": [ [ [ [ -60.382744297120531, -31.035858871869525 ], [ -60.382048836071625, -31.035204670668918 ], [ -60.380205405074307, -31.033785715591193 ], [ -60.3802224813168, -31.033593646164633 ], [ -60.38012495531936, -31.033587216792544 ], [ -60.38051059355719, -31.029256708752921 ], [ -60.380509926830747, -31.029088995656821 ], [ -60.380516554016154, -31.02889105288099 ], [ -60.380525388121399, -31.028592991877193 ], [ -60.380546027199145, -31.027792947010251 ], [ -60.38094761298467, -31.02591444584894 ], [ -60.38094630722653, -31.02558631825336 ], [ -60.380833437584421, -31.024999997269052 ], [ -60.374530089617082, -31.024999997269052 ], [ -60.371889367103272, -31.020833330602752 ], [ -60.367027332041076, -31.020833330602752 ], [ -60.362165296978887, -31.020833330602752 ], [ -60.364805319049303, -31.024999997269052 ], [ -60.359943071339323, -31.024999997269052 ], [ -60.362583430924737, -31.029166663935346 ], [ -60.352858510120633, -31.029166663935346 ], [ -60.347996049718581, -31.029166663935346 ], [ -60.350636321357641, -31.033333330601646 ], [ -60.345773648219186, -31.033333330601646 ], [ -60.348414257307546, -31.037499997267943 ], [ -60.343551371388337, -31.037499997267943 ], [ -60.346192317937486, -31.041666663934237 ], [ -60.351475862161195, -31.049999997266838 ], [ -60.348833814828367, -31.045833330600537 ], [ -60.343970503214614, -31.045833330600537 ], [ -60.346612337633637, -31.049999997266838 ], [ -60.336885288578557, -31.049999997266838 ], [ -60.339527247579035, -31.054166663933131 ], [ -60.344390985064749, -31.054166663933131 ], [ -60.347033707577118, -31.058333330599432 ], [ -60.356761608553619, -31.058333330599432 ], [ -60.354118460036176, -31.054166663933131 ], [ -60.35940530781383, -31.062499997265729 ], [ -60.364269471349004, -31.062499997265729 ], [ -60.366913934543611, -31.066666663932022 ], [ -60.371778311170097, -31.066666663932022 ], [ -60.374423538488294, -31.070833330598322 ], [ -60.379288128250479, -31.070833330598322 ], [ -60.384152718012693, -31.070833330598322 ], [ -60.381507064423069, -31.066666663932022 ], [ -60.386371441049555, -31.066666663932022 ], [ -60.383726125489687, -31.062499997265729 ], [ -60.388590289024862, -31.062499997265729 ], [ -60.393454452560036, -31.062499997265729 ], [ -60.390809261971377, -31.058333330599432 ], [ -60.388164622436143, -31.054166663933131 ], [ -60.385520533854006, -31.049999997266838 ], [ -60.382876996124594, -31.045833330600537 ], [ -60.387740307738341, -31.045833330600537 ], [ -60.390723571353426, -31.045833330600537 ], [ -60.382744297120531, -31.035858871869525 ] ] ] ] } },
{ "type": "Feature", "properties": { "_uid_": 128782.0, "id": 23505739.0, "initialdat": "2020-08-23", "finaldate": "2020-08-23", "area_ha": 21.446136053609848 }, "geometry": { "type": "MultiPolygon", "coordinates": [ [ [ [ -60.355080823629365, -31.024999997269052 ], [ -60.350218575919406, -31.024999997269052 ], [ -60.352858510120633, -31.029166663935346 ], [ -60.357720970522692, -31.029166663935346 ], [ -60.355080823629365, -31.024999997269052 ] ] ] ] } },
{ "type": "Feature", "properties": { "_uid_": 128785.0, "id": 23505743.0, "initialdat": "2020-08-15", "finaldate": "2020-08-16", "area_ha": 42.892734503924849 }, "geometry": { "type": "MultiPolygon", "coordinates": [ [ [ [ -60.362474908112198, -31.074999997264616 ], [ -60.35761010516989, -31.074999997264616 ], [ -60.360255581955748, -31.079166663930916 ], [ -60.365120598122587, -31.079166663930916 ], [ -60.362474908112198, -31.074999997264616 ] ] ], [ [ [ -60.360255581955748, -31.079166663930916 ], [ -60.355390565788902, -31.079166663930916 ], [ -60.358036380461698, -31.083333330597213 ], [ -60.362901609897513, -31.083333330597213 ], [ -60.360255581955748, -31.079166663930916 ] ] ] ] } },
{ "type": "Feature", "properties": { "_uid_": 128791.0, "id": 23505776.0, "initialdat": "2020-08-16", "finaldate": "2020-08-16", "area_ha": 21.447340229439735 }, "geometry": { "type": "MultiPolygon", "coordinates": [ [ [ [ -60.293783290089216, -31.295833330578386 ], [ -60.28890712484133, -31.295833330578386 ], [ -60.291572681696948, -31.299999997244687 ], [ -60.296449062535004, -31.299999997244687 ], [ -60.293783290089216, -31.295833330578386 ] ] ] ] } },
{ "type": "Feature", "properties": { "_uid_": 128793.0, "id": 23505788.0, "initialdat": "2020-08-19", "finaldate": "2020-08-19", "area_ha": 21.447991079318523 }, "geometry": { "type": "MultiPolygon", "coordinates": [ [ [ [ -60.348346103213629, -31.4416666638988 ], [ -60.343462365566694, -31.4416666638988 ], [ -60.346145656699584, -31.445833330565094 ], [ -60.351029611511557, -31.445833330565094 ], [ -60.348346103213629, -31.4416666638988 ] ] ] ] } },
{ "type": "Feature", "properties": { "_uid_": 128794.0, "id": 23505791.0, "initialdat": "2020-08-16", "finaldate": "2020-08-16", "area_ha": 21.448028396880627 }, "geometry": { "type": "MultiPolygon", "coordinates": [ [ [ [ -60.353713677669703, -31.449999997231394 ], [ -60.348829505647551, -31.449999997231394 ], [ -60.351513912513404, -31.454166663897688 ], [ -60.35639830179089, -31.454166663897688 ], [ -60.353713677669703, -31.449999997231394 ] ] ] ] } },
{ "type": "Feature", "properties": { "_uid_": 128800.0, "id": 23505798.0, "initialdat": "2020-08-16", "finaldate": "2020-08-18", "area_ha": 42.896522384643553 }, "geometry": { "type": "MultiPolygon", "coordinates": [ [ [ [ -60.463580318510147, -31.50645279625865 ], [ -60.465836405925103, -31.504166663893262 ], [ -60.461962347831467, -31.504166663893262 ], [ -60.463478074587918, -31.506509953593195 ], [ -60.463580318510147, -31.50645279625865 ] ] ], [ [ [ -60.469400418772352, -31.500555188084853 ], [ -60.469041317291733, -31.499999997226965 ], [ -60.464154535223088, -31.499999997226965 ], [ -60.466448319267286, -31.503546601529052 ], [ -60.469400418772352, -31.500555188084853 ] ] ] ] } },
{ "type": "Feature", "properties": { "_uid_": 189889.0, "id": 23641435.0, "initialdat": "2020-09-10", "finaldate": "2020-09-10", "area_ha": 21.444588965511318 }, "geometry": { "type": "MultiPolygon", "coordinates": [ [ [ [ -60.077128115522918, -30.674999997300059 ], [ -60.072283576524782, -30.674999997300059 ], [ -60.07487514250537, -30.67916666396636 ], [ -60.079719890500755, -30.67916666396636 ], [ -60.077128115522918, -30.674999997300059 ] ] ] ] } },
{ "type": "Feature", "properties": { "_uid_": 189890.0, "id": 23641436.0, "initialdat": "2020-09-10", "finaldate": "2020-09-12", "area_ha": 171.55763748806714 }, "geometry": { "type": "MultiPolygon", "coordinates": [ [ [ [ -60.191498719385827, -30.68749999729895 ], [ -60.186653553264961, -30.68749999729895 ], [ -60.189251344401413, -30.69166666396525 ], [ -60.194096719650531, -30.69166666396525 ], [ -60.191498719385827, -30.68749999729895 ] ] ], [ [ [ -60.186653553264961, -30.68749999729895 ], [ -60.181459598403634, -30.67916666396636 ], [ -60.176614850408242, -30.67916666396636 ], [ -60.179211347595299, -30.68333333063266 ], [ -60.164676476486441, -30.68333333063266 ], [ -60.16727288878149, -30.68749999729895 ], [ -60.169869843404939, -30.69166666396525 ], [ -60.17471521865405, -30.69166666396525 ], [ -60.172118054902356, -30.68749999729895 ], [ -60.186653553264961, -30.68749999729895 ] ] ], [ [ [ -60.191149094394383, -30.67916666396636 ], [ -60.186304346399005, -30.67916666396636 ], [ -60.188901261667887, -30.68333333063266 ], [ -60.193746218704177, -30.68333333063266 ], [ -60.191149094394383, -30.67916666396636 ] ] ] ] } },
{ "type": "Feature", "properties": { "_uid_": 189891.0, "id": 23641438.0, "initialdat": "2020-09-10", "finaldate": "2020-09-10", "area_ha": 42.889214803647995 }, "geometry": { "type": "MultiPolygon", "coordinates": [ [ [ [ -60.094254134486874, -30.67916666396636 ], [ -60.084564638496133, -30.67916666396636 ], [ -60.087157163905822, -30.68333333063266 ], [ -60.096847077978403, -30.68333333063266 ], [ -60.094254134486874, -30.67916666396636 ] ] ] ] } },
{ "type": "Feature", "properties": { "_uid_": 189893.0, "id": 23641443.0, "initialdat": "2020-09-10", "finaldate": "2020-09-11", "area_ha": 42.889416668093205 }, "geometry": { "type": "MultiPolygon", "coordinates": [ [ [ [ -60.201893976702813, -30.704166663964145 ], [ -60.197047973806839, -30.704166663964145 ], [ -60.199647935933264, -30.708333330630438 ], [ -60.204494148132262, -30.708333330630438 ], [ -60.201893976702813, -30.704166663964145 ] ] ], [ [ [ -60.197047973806839, -30.704166663964145 ], [ -60.194448554574585, -30.699999997297844 ], [ -60.189602760937902, -30.699999997297844 ], [ -60.192201970910837, -30.704166663964145 ], [ -60.197047973806839, -30.704166663964145 ] ] ] ] } },
{ "type": "Feature", "properties": { "_uid_": 189903.0, "id": 23641473.0, "initialdat": "2020-09-06", "finaldate": "2020-09-09", "area_ha": 150.12577877788544 }, "geometry": { "type": "MultiPolygon", "coordinates": [ [ [ [ -60.300499990893279, -31.099999997262408 ], [ -60.303145573754442, -31.104166663928705 ], [ -60.308011870201653, -31.104166663928705 ], [ -60.312878166648872, -31.104166663928705 ], [ -60.31023215680532, -31.099999997262408 ], [ -60.319964322717368, -31.099999997262408 ], [ -60.317318437060926, -31.095833330596108 ], [ -60.307586973532374, -31.095833330596108 ], [ -60.304941790259427, -31.091666663929807 ], [ -60.300076134152413, -31.091666663929807 ], [ -60.30272082853304, -31.095833330596108 ], [ -60.297854959023752, -31.095833330596108 ], [ -60.300499990893279, -31.099999997262408 ] ] ] ] } },
{ "type": "Feature", "properties": { "_uid_": 189904.0, "id": 23641474.0, "initialdat": "2020-09-07", "finaldate": "2020-09-07", "area_ha": 21.446505983567238 }, "geometry": { "type": "MultiPolygon", "coordinates": [ [ [ [ -60.296058687741997, -31.108333330594999 ], [ -60.291192177759108, -31.108333330594999 ], [ -60.293838222164695, -31.112499997261299 ], [ -60.298704945727721, -31.112499997261299 ], [ -60.296058687741997, -31.108333330594999 ] ] ] ] } },
{ "type": "Feature", "properties": { "_uid_": 189905.0, "id": 23641477.0, "initialdat": "2020-09-08", "finaldate": "2020-09-08", "area_ha": 42.893271202874182 }, "geometry": { "type": "MultiPolygon", "coordinates": [ [ [ [ -60.314594072453659, -31.137499997259084 ], [ -60.304858060496819, -31.137499997259084 ], [ -60.307507751242468, -31.141666663925378 ], [ -60.317244190982763, -31.141666663925378 ], [ -60.314594072453659, -31.137499997259084 ] ] ] ] } },
{ "type": "Feature", "properties": { "_uid_": 189907.0, "id": 23641480.0, "initialdat": "2020-09-07", "finaldate": "2020-09-07", "area_ha": 42.893604702258109 }, "geometry": { "type": "MultiPolygon", "coordinates": [ [ [ [ -60.289765690329588, -31.17499999725576 ], [ -60.280025825113036, -31.17499999725576 ], [ -60.282678342939903, -31.179166663922061 ], [ -60.292418636742298, -31.179166663922061 ], [ -60.289765690329588, -31.17499999725576 ] ] ] ] } },
{ "type": "Feature", "properties": { "_uid_": 189908.0, "id": 23641481.0, "initialdat": "2020-09-08", "finaldate": "2020-09-08", "area_ha": 21.446839282226563 }, "geometry": { "type": "MultiPolygon", "coordinates": [ [ [ [ -60.285331413048738, -31.183333330588354 ], [ -60.280461051809993, -31.183333330588354 ], [ -60.283114459919609, -31.187499997254655 ], [ -60.287985035540522, -31.187499997254655 ], [ -60.285331413048738, -31.183333330588354 ] ] ] ] } },
{ "type": "Feature", "properties": { "_uid_": 189911.0, "id": 23641486.0, "initialdat": "2020-09-08", "finaldate": "2020-09-12", "area_ha": 85.788963664019107 }, "geometry": { "type": "MultiPolygon", "coordinates": [ [ [ [ -60.245001183496349, -31.249999997249109 ], [ -60.240127386782206, -31.249999997249109 ], [ -60.242785989409278, -31.254166663915417 ], [ -60.252534013032182, -31.254166663915417 ], [ -60.249874980210507, -31.249999997249109 ], [ -60.247216500675691, -31.245833330582816 ], [ -60.244558574326362, -31.241666663916515 ], [ -60.239685207672544, -31.241666663916515 ], [ -60.242342919014078, -31.245833330582816 ], [ -60.245001183496349, -31.249999997249109 ] ] ] ] } },
{ "type": "Feature", "properties": { "_uid_": 189912.0, "id": 23641489.0, "initialdat": "2020-09-12", "finaldate": "2020-09-13", "area_ha": 64.341412591409679 }, "geometry": { "type": "MultiPolygon", "coordinates": [ [ [ [ -60.274243963781274, -31.249999997249109 ], [ -60.269370167067116, -31.249999997249109 ], [ -60.274690507056135, -31.25833333058171 ], [ -60.279564734009668, -31.25833333058171 ], [ -60.276904348895478, -31.254166663915417 ], [ -60.281778083900896, -31.254166663915417 ], [ -60.279117760495417, -31.249999997249109 ], [ -60.274243963781274, -31.249999997249109 ] ] ] ] } },
{ "type": "Feature", "properties": { "_uid_": 189913.0, "id": 23641492.0, "initialdat": "2020-09-08", "finaldate": "2020-09-09", "area_ha": 42.89445767353773 }, "geometry": { "type": "MultiPolygon", "coordinates": [ [ [ [ -60.287550042457397, -31.270833330580601 ], [ -60.282675169809011, -31.270833330580601 ], [ -60.277800297160617, -31.270833330580601 ], [ -60.280462743901538, -31.274999997246901 ], [ -60.285337831871139, -31.274999997246901 ], [ -60.290212919840741, -31.274999997246901 ], [ -60.287550042457397, -31.270833330580601 ] ] ] ] } },
{ "type": "Feature", "properties": { "_uid_": 276977.0, "id": 23641405.0, "initialdat": "2020-09-16", "finaldate": "2020-09-17", "area_ha": 107.21327668179273 }, "geometry": { "type": "MultiPolygon", "coordinates": [ [ [ [ -59.980472020342475, -30.236862297097257 ], [ -59.977041448704099, -30.237499997338826 ], [ -59.986430310379937, -30.237499997338826 ], [ -59.985644396824462, -30.236212035591205 ], [ -59.980472020342475, -30.236862297097257 ] ] ], [ [ [ -59.968701119567982, -30.24006035211432 ], [ -59.969681180328514, -30.241666664005127 ], [ -59.974504220474927, -30.241666664005127 ], [ -59.972710845633188, -30.238727573096938 ], [ -59.968701119567982, -30.24006035211432 ] ] ] ] } },
{ "type": "Feature", "properties": { "_uid_": 276995.0, "id": 23641434.0, "initialdat": "2020-09-15", "finaldate": "2020-09-15", "area_ha": 64.333712048792833 }, "geometry": { "type": "MultiPolygon", "coordinates": [ [ [ [ -60.06969255179402, -30.670833330633766 ], [ -60.064848221749507, -30.670833330633766 ], [ -60.070030394509992, -30.67916666396636 ], [ -60.07487514250537, -30.67916666396636 ], [ -60.06969255179402, -30.670833330633766 ] ] ], [ [ [ -60.064848221749507, -30.670833330633766 ], [ -60.062257947081065, -30.666666663967465 ], [ -60.057413825946519, -30.666666663967465 ], [ -60.060003891704994, -30.670833330633766 ], [ -60.064848221749507, -30.670833330633766 ] ] ] ] } },
{ "type": "Feature", "properties": { "_uid_": 276996.0, "id": 23641437.0, "initialdat": "2020-09-16", "finaldate": "2020-09-16", "area_ha": 21.444607358980178 }, "geometry": { "type": "MultiPolygon", "coordinates": [ [ [ [ -60.186304346399005, -30.67916666396636 ], [ -60.181459598403634, -30.67916666396636 ], [ -60.184056304631596, -30.68333333063266 ], [ -60.188901261667887, -30.68333333063266 ], [ -60.186304346399005, -30.67916666396636 ] ] ] ] } },
{ "type": "Feature", "properties": { "_uid_": 276997.0, "id": 23641439.0, "initialdat": "2020-09-15", "finaldate": "2020-09-15", "area_ha": 21.444625714325905 }, "geometry": { "type": "MultiPolygon", "coordinates": [ [ [ [ -60.092002120942098, -30.68333333063266 ], [ -60.087157163905822, -30.68333333063266 ], [ -60.089750230847613, -30.68749999729895 ], [ -60.094595396968465, -30.68749999729895 ], [ -60.092002120942098, -30.68333333063266 ] ] ] ] } },
{ "type": "Feature", "properties": { "_uid_": 276999.0, "id": 23641441.0, "initialdat": "2020-09-16", "finaldate": "2020-09-16", "area_ha": 21.444662244927883 }, "geometry": { "type": "MultiPolygon", "coordinates": [ [ [ [ -60.189251344401413, -30.69166666396525 ], [ -60.184405969152287, -30.69166666396525 ], [ -60.187004093717647, -30.695833330631551 ], [ -60.191849678138702, -30.695833330631551 ], [ -60.189251344401413, -30.69166666396525 ] ] ] ] } },
{ "type": "Feature", "properties": { "_uid_": 277000.0, "id": 23641445.0, "initialdat": "2020-09-15", "finaldate": "2020-09-15", "area_ha": 21.444717561137676 }, "geometry": { "type": "MultiPolygon", "coordinates": [ [ [ [ -60.192201970910837, -30.704166663964145 ], [ -60.187355968014842, -30.704166663964145 ], [ -60.189955511535231, -30.708333330630438 ], [ -60.194801723734251, -30.708333330630438 ], [ -60.192201970910837, -30.704166663964145 ] ] ] ] } },
{ "type": "Feature", "properties": { "_uid_": 277001.0, "id": 23641447.0, "initialdat": "2020-09-10", "finaldate": "2020-09-16", "area_ha": 1415.3487628157734 }, "geometry": { "type": "MultiPolygon", "coordinates": [ [ [ [ -60.091823237920948, -30.737499997294528 ], [ -60.094422095749628, -30.741666663960821 ], [ -60.089574207552147, -30.741666663960821 ], [ -60.092173398321862, -30.745833330627121 ], [ -60.097021496216051, -30.745833330627121 ], [ -60.106717692004423, -30.745833330627121 ], [ -60.104117872144563, -30.741666663960821 ], [ -60.101518595010013, -30.737499997294528 ], [ -60.098919860502875, -30.733333330628227 ], [ -60.096321668525292, -30.72916666396193 ], [ -60.091474409155339, -30.72916666396193 ], [ -60.088876969131107, -30.724999997295637 ], [ -60.086280342493204, -30.720833330629336 ], [ -60.09112691176739, -30.720833330629336 ], [ -60.088530346791494, -30.716666663963036 ], [ -60.093376977727679, -30.716666663963036 ], [ -60.088185055356064, -30.708333330630438 ], [ -60.083338843157065, -30.708333330630438 ], [ -60.080743904303134, -30.704166663964145 ], [ -60.075897901407146, -30.704166663964145 ], [ -60.078492630958053, -30.708333330630438 ], [ -60.063953994361029, -30.708333330630438 ], [ -60.07693263104548, -30.72916666396193 ], [ -60.074335819586231, -30.724999997295637 ], [ -60.069488769737923, -30.724999997295637 ], [ -60.066892709915507, -30.720833330629336 ], [ -60.071739550285891, -30.720833330629336 ], [ -60.066548637771, -30.712499997296735 ], [ -60.061702216225257, -30.712499997296735 ], [ -60.064297192110516, -30.716666663963036 ], [ -60.059450561174323, -30.716666663963036 ], [ -60.054603930238123, -30.716666663963036 ], [ -60.059794670041342, -30.724999997295637 ], [ -60.054947620193062, -30.724999997295637 ], [ -60.057543593565669, -30.72916666396193 ], [ -60.062390852935621, -30.72916666396193 ], [ -60.072085371675527, -30.72916666396193 ], [ -60.074682515826055, -30.733333330628227 ], [ -60.079529984761429, -30.733333330628227 ], [ -60.082127880831877, -30.737499997294528 ], [ -60.08697555937642, -30.737499997294528 ], [ -60.091823237920948, -30.737499997294528 ] ] ], [ [ [ -60.116061630643635, -30.737499997294528 ], [ -60.120909309188164, -30.737499997294528 ], [ -60.118309736244349, -30.733333330628227 ], [ -60.123509424934468, -30.741666663960821 ], [ -60.138053089526899, -30.741666663960821 ], [ -60.130252484114955, -30.72916666396193 ], [ -60.125405224745002, -30.72916666396193 ], [ -60.120557965375049, -30.72916666396193 ], [ -60.10601618726519, -30.72916666396193 ], [ -60.111213952099085, -30.737499997294528 ], [ -60.116061630643635, -30.737499997294528 ] ] ], [ [ [ -60.152242018791895, -30.733333330628227 ], [ -60.137699611985788, -30.733333330628227 ], [ -60.140300023366301, -30.737499997294528 ], [ -60.159690737544452, -30.737499997294528 ], [ -60.157089487727262, -30.733333330628227 ], [ -60.161936956662629, -30.733333330628227 ], [ -60.159336040334665, -30.72916666396193 ], [ -60.164183299704618, -30.72916666396193 ], [ -60.161582716855484, -30.724999997295637 ], [ -60.151888617158896, -30.724999997295637 ], [ -60.154488780964719, -30.72916666396193 ], [ -60.149641521594774, -30.72916666396193 ], [ -60.152242018791895, -30.733333330628227 ] ] ] ] } },
{ "type": "Feature", "properties": { "_uid_": 277005.0, "id": 23641454.0, "initialdat": "2020-09-15", "finaldate": "2020-09-15", "area_ha": 21.445030009698868 }, "geometry": { "type": "MultiPolygon", "coordinates": [ [ [ [ -60.008542027620734, -30.7749999972912 ], [ -60.003692460623171, -30.7749999972912 ], [ -60.006291374633541, -30.779166663957497 ], [ -60.011141151678288, -30.779166663957497 ], [ -60.008542027620734, -30.7749999972912 ] ] ] ] } },
{ "type": "Feature", "properties": { "_uid_": 277006.0, "id": 23641455.0, "initialdat": "2020-09-15", "finaldate": "2020-09-15", "area_ha": 21.445103539919852 }, "geometry": { "type": "MultiPolygon", "coordinates": [ [ [ [ -60.018941779575776, -30.791666663956391 ], [ -60.014091372126309, -30.791666663956391 ], [ -60.016692456771246, -30.795833330622688 ], [ -60.021543074443336, -30.795833330622688 ], [ -60.018941779575776, -30.791666663956391 ] ] ] ] } },
{ "type": "Feature", "properties": { "_uid_": 277010.0, "id": 23641464.0, "initialdat": "2020-09-22", "finaldate": "2020-09-28", "area_ha": 450.36705641727445 }, "geometry": { "type": "MultiPolygon", "coordinates": [ [ [ [ -60.363971325778628, -31.008333330603861 ], [ -60.368832723163337, -31.008333330603861 ], [ -60.366194263508767, -31.004166663937561 ], [ -60.363556353693852, -30.99999999727126 ], [ -60.368417326181671, -30.99999999727126 ], [ -60.365779753724453, -30.995833330604967 ], [ -60.360506257762154, -30.987499997272369 ], [ -60.350785586813153, -30.987499997272369 ], [ -60.356058233512876, -30.995833330604967 ], [ -60.353421635415209, -30.99166666393867 ], [ -60.348561087647191, -30.99166666393867 ], [ -60.343700539879173, -30.99166666393867 ], [ -60.346336713301284, -30.995833330604967 ], [ -60.341475953195477, -30.995833330604967 ], [ -60.344112463742533, -30.99999999727126 ], [ -60.339251491254714, -30.99999999727126 ], [ -60.344525736239802, -31.008333330603861 ], [ -60.349387133624496, -31.008333330603861 ], [ -60.363971325778628, -31.008333330603861 ] ] ] ] } },
{ "type": "Feature", "properties": { "_uid_": 277012.0, "id": 23641467.0, "initialdat": "2020-09-16", "finaldate": "2020-09-17", "area_ha": 64.338149473989006 }, "geometry": { "type": "MultiPolygon", "coordinates": [ [ [ [ -60.327304784195718, -31.004166663937561 ], [ -60.322443599281591, -31.004166663937561 ], [ -60.327717243661461, -31.012499997270154 ], [ -60.332578853561024, -31.012499997270154 ], [ -60.327304784195718, -31.004166663937561 ] ] ], [ [ [ -60.322443599281591, -31.004166663937561 ], [ -60.317582414367457, -31.004166663937561 ], [ -60.320218749316254, -31.008333330603861 ], [ -60.325080146700969, -31.008333330603861 ], [ -60.322443599281591, -31.004166663937561 ] ] ] ] } },
{ "type": "Feature", "properties": { "_uid_": 277015.0, "id": 23641470.0, "initialdat": "2020-09-12", "finaldate": "2020-09-17", "area_ha": 64.338463647699356 }, "geometry": { "type": "MultiPolygon", "coordinates": [ [ [ [ -60.34091097508071, -31.033333330601646 ], [ -60.343551371388337, -31.037499997267943 ], [ -60.348414257307546, -31.037499997267943 ], [ -60.345773648219186, -31.033333330601646 ], [ -60.343133589316523, -31.029166663935346 ], [ -60.338271128914478, -31.029166663935346 ], [ -60.34091097508071, -31.033333330601646 ] ] ], [ [ [ -60.338271128914478, -31.029166663935346 ], [ -60.335631832789517, -31.024999997269052 ], [ -60.330769585079544, -31.024999997269052 ], [ -60.333408668512419, -31.029166663935346 ], [ -60.338271128914478, -31.029166663935346 ] ] ] ] } },
{ "type": "Feature", "properties": { "_uid_": 277016.0, "id": 23641472.0, "initialdat": "2020-09-17", "finaldate": "2020-09-17", "area_ha": 21.446413321065904 }, "geometry": { "type": "MultiPolygon", "coordinates": [ [ [ [ -60.40447173108921, -31.087499997263507 ], [ -60.39960628834001, -31.087499997263507 ], [ -60.402254912399819, -31.091666663929807 ], [ -60.407120568506855, -31.091666663929807 ], [ -60.40447173108921, -31.087499997263507 ] ] ] ] } },
{ "type": "Feature", "properties": { "_uid_": 277017.0, "id": 23641475.0, "initialdat": "2020-09-17", "finaldate": "2020-09-17", "area_ha": 64.339629179894928 }, "geometry": { "type": "MultiPolygon", "coordinates": [ [ [ [ -60.30357166929074, -31.112499997261299 ], [ -60.298704945727721, -31.112499997261299 ], [ -60.301351754917718, -31.116666663927592 ], [ -60.306218692105375, -31.116666663927592 ], [ -60.30357166929074, -31.112499997261299 ] ] ], [ [ [ -60.301351754917718, -31.116666663927592 ], [ -60.296484817730068, -31.116666663927592 ], [ -60.299131964555812, -31.120833330593893 ], [ -60.303999115412608, -31.120833330593893 ], [ -60.301351754917718, -31.116666663927592 ] ] ], [ [ [ -60.299131964555812, -31.120833330593893 ], [ -60.29426481369903, -31.120833330593893 ], [ -60.296912298172145, -31.12499999726019 ], [ -60.301779662742547, -31.12499999726019 ], [ -60.299131964555812, -31.120833330593893 ] ] ] ] } },
{ "type": "Feature", "properties": { "_uid_": 277018.0, "id": 23641476.0, "initialdat": "2020-09-21", "finaldate": "2020-09-24", "area_ha": 278.80741615597009 }, "geometry": { "type": "MultiPolygon", "coordinates": [ [ [ [ -60.304427912390913, -31.129166663926483 ], [ -60.301779662742547, -31.12499999726019 ], [ -60.296912298172145, -31.12499999726019 ], [ -60.299560334062356, -31.129166663926483 ], [ -60.30220892147036, -31.133333330592784 ], [ -60.307076713601568, -31.133333330592784 ], [ -60.304427912390913, -31.129166663926483 ] ] ], [ [ [ -60.304427912390913, -31.129166663926483 ], [ -60.309726066475235, -31.137499997259084 ], [ -60.319462078432068, -31.137499997259084 ], [ -60.311514391883392, -31.12499999726019 ], [ -60.316381756453801, -31.12499999726019 ], [ -60.311085629293039, -31.116666663927592 ], [ -60.301351754917718, -31.116666663927592 ], [ -60.303999115412608, -31.120833330593893 ], [ -60.299131964555812, -31.120833330593893 ], [ -60.304427912390913, -31.129166663926483 ] ] ] ] } },
{ "type": "Feature", "properties": { "_uid_": 277023.0, "id": 23641488.0, "initialdat": "2020-09-25", "finaldate": "2020-09-25", "area_ha": 64.342489136815075 }, "geometry": { "type": "MultiPolygon", "coordinates": [ [ [ [ -60.38855036886239, -31.245833330582816 ], [ -60.38367678720077, -31.245833330582816 ], [ -60.386341288206786, -31.249999997249109 ], [ -60.381467491492629, -31.249999997249109 ], [ -60.384132331941402, -31.254166663915417 ], [ -60.393880355564306, -31.254166663915417 ], [ -60.38855036886239, -31.245833330582816 ] ] ] ] } },
{ "type": "Feature", "properties": { "_uid_": 277024.0, "id": 23641490.0, "initialdat": "2020-09-22", "finaldate": "2020-09-22", "area_ha": 21.447136034703256 }, "geometry": { "type": "MultiPolygon", "coordinates": [ [ [ [ -60.235253590068034, -31.249999997249109 ], [ -60.23037979335389, -31.249999997249109 ], [ -60.233037965786366, -31.254166663915417 ], [ -60.237911977597811, -31.254166663915417 ], [ -60.235253590068034, -31.249999997249109 ] ] ] ] } },
{ "type": "Feature", "properties": { "_uid_": 318870.0, "id": 23771544.0, "initialdat": "2020-10-01", "finaldate": "2020-10-01", "area_ha": 21.443654708945751 }, "geometry": { "type": "MultiPolygon", "coordinates": [ [ [ [ -59.960165014889924, -30.46249999731889 ], [ -59.955331077046083, -30.46249999731889 ], [ -59.957895783239245, -30.466666663985187 ], [ -59.962729927864196, -30.466666663985187 ], [ -59.960165014889924, -30.46249999731889 ] ] ] ] } },
{ "type": "Feature", "properties": { "_uid_": 318871.0, "id": 23771545.0, "initialdat": "2020-10-08", "finaldate": "2020-10-09", "area_ha": 128.66156972664595 }, "geometry": { "type": "MultiPolygon", "coordinates": [ [ [ [ -59.912117511483295, -30.47083333065148 ], [ -59.90244880858463, -30.47083333065148 ], [ -59.907575938733643, -30.479166663984081 ], [ -59.912410703961548, -30.479166663984081 ], [ -59.922080234417344, -30.479166663984081 ], [ -59.91951578050157, -30.474999997317781 ], [ -59.914681222184576, -30.474999997317781 ], [ -59.912117511483295, -30.47083333065148 ] ] ], [ [ [ -59.90244880858463, -30.47083333065148 ], [ -59.89761445713529, -30.47083333065148 ], [ -59.90017754723366, -30.474999997317781 ], [ -59.905012105550625, -30.474999997317781 ], [ -59.90244880858463, -30.47083333065148 ] ] ] ] } },
{ "type": "Feature", "properties": { "_uid_": 318876.0, "id": 23771554.0, "initialdat": "2020-10-12", "finaldate": "2020-10-12", "area_ha": 21.444644031715391 }, "geometry": { "type": "MultiPolygon", "coordinates": [ [ [ [ -59.968621077825937, -30.68749999729895 ], [ -59.963775911705056, -30.68749999729895 ], [ -59.966364082941965, -30.69166666396525 ], [ -59.971209458191083, -30.69166666396525 ], [ -59.968621077825937, -30.68749999729895 ] ] ] ] } },
{ "type": "Feature", "properties": { "_uid_": 318883.0, "id": 23771567.0, "initialdat": "2020-10-01", "finaldate": "2020-10-01", "area_ha": 21.445692979931831 }, "geometry": { "type": "MultiPolygon", "coordinates": [ [ [ [ -60.146167412601905, -30.924999997277908 ], [ -60.141310256225196, -30.924999997277908 ], [ -60.143930667287677, -30.929166663944205 ], [ -60.148788035295077, -30.929166663944205 ], [ -60.146167412601905, -30.924999997277908 ] ] ] ] } },
{ "type": "Feature", "properties": { "_uid_": 318885.0, "id": 23771574.0, "initialdat": "2020-10-04", "finaldate": "2020-10-04", "area_ha": 64.338426251196864 }, "geometry": { "type": "MultiPolygon", "coordinates": [ [ [ [ -60.228662383170324, -31.024999997269052 ], [ -60.218937887750393, -31.024999997269052 ], [ -60.221572079265229, -31.029166663935346 ], [ -60.231297000069347, -31.029166663935346 ], [ -60.228662383170324, -31.024999997269052 ] ] ], [ [ [ -60.221572079265229, -31.029166663935346 ], [ -60.216709618863177, -31.029166663935346 ], [ -60.219344146619065, -31.033333330601646 ], [ -60.224206819757519, -31.033333330601646 ], [ -60.221572079265229, -31.029166663935346 ] ] ] ] } },
{ "type": "Feature", "properties": { "_uid_": 318887.0, "id": 23771576.0, "initialdat": "2020-10-04", "finaldate": "2020-10-10", "area_ha": 128.67858261574506 }, "geometry": { "type": "MultiPolygon", "coordinates": [ [ [ [ -60.289502863977454, -31.074999997264616 ], [ -60.284638061035146, -31.074999997264616 ], [ -60.279773258092824, -31.074999997264616 ], [ -60.282415323286159, -31.079166663930916 ], [ -60.287280339453005, -31.079166663930916 ], [ -60.297010371786705, -31.079166663930916 ], [ -60.301875387953551, -31.079166663930916 ], [ -60.299232469862091, -31.074999997264616 ], [ -60.296590102293131, -31.070833330598322 ], [ -60.291725512530931, -31.070833330598322 ], [ -60.286860922768724, -31.070833330598322 ], [ -60.289502863977454, -31.074999997264616 ] ] ] ] } },
{ "type": "Feature", "properties": { "_uid_": 318892.0, "id": 23771585.0, "initialdat": "2020-10-08", "finaldate": "2020-10-08", "area_ha": 85.788655788445467 }, "geometry": { "type": "MultiPolygon", "coordinates": [ [ [ [ -60.262282036655087, -31.254166663915417 ], [ -60.252534013032182, -31.254166663915417 ], [ -60.25785373894162, -31.262499997248007 ], [ -60.267602623222324, -31.262499997248007 ], [ -60.262282036655087, -31.254166663915417 ] ] ] ] } },
{ "type": "Feature", "properties": { "_uid_": 355925.0, "id": 23771557.0, "initialdat": "2020-10-28", "finaldate": "2020-10-31", "area_ha": 150.11319997575282 }, "geometry": { "type": "MultiPolygon", "coordinates": [ [ [ [ -60.057543593565669, -30.72916666396193 ], [ -60.060140109019976, -30.733333330628227 ], [ -60.064987577955321, -30.733333330628227 ], [ -60.062390852935621, -30.72916666396193 ], [ -60.067238112305574, -30.72916666396193 ], [ -60.072085371675527, -30.72916666396193 ], [ -60.07693263104548, -30.72916666396193 ], [ -60.074335819586231, -30.724999997295637 ], [ -60.071739550285891, -30.720833330629336 ], [ -60.066892709915507, -30.720833330629336 ], [ -60.069488769737923, -30.724999997295637 ], [ -60.064641719889643, -30.724999997295637 ], [ -60.059794670041342, -30.724999997295637 ], [ -60.050100570344767, -30.724999997295637 ], [ -60.052696334195716, -30.72916666396193 ], [ -60.057543593565669, -30.72916666396193 ] ] ] ] } },
{ "type": "Feature", "properties": { "_uid_": 397046.0, "id": 23856924.0, "initialdat": "2020-11-06", "finaldate": "2020-11-06", "area_ha": 21.444423844993118 }, "geometry": { "type": "MultiPolygon", "coordinates": [ [ [ [ -60.184578306865291, -30.637499997303383 ], [ -60.179735646879216, -30.637499997303383 ], [ -60.182327977443471, -30.64166666396968 ], [ -60.187170846034249, -30.64166666396968 ], [ -60.184578306865291, -30.637499997303383 ] ] ] ] } },
{ "type": "Feature", "properties": { "_uid_": 463760.0, "id": 23932349.0, "initialdat": "2020-12-06", "finaldate": "2020-12-06", "area_ha": 21.443764405906201 }, "geometry": { "type": "MultiPolygon", "coordinates": [ [ [ [ -59.990068081008062, -30.487499997316675 ], [ -59.985232901828468, -30.487499997316675 ], [ -59.987801449850302, -30.491666663982965 ], [ -59.992636836070695, -30.491666663982965 ], [ -59.990068081008062, -30.487499997316675 ] ] ] ] } },
{ "type": "Feature", "properties": { "_uid_": 463762.0, "id": 23932353.0, "initialdat": "2020-12-08", "finaldate": "2020-12-09", "area_ha": 64.337891098523144 }, "geometry": { "type": "MultiPolygon", "coordinates": [ [ [ [ -60.173581367998288, -30.99166666393867 ], [ -60.170953174256354, -30.987499997272369 ], [ -60.16609283878185, -30.987499997272369 ], [ -60.16872082023027, -30.99166666393867 ], [ -60.173581367998288, -30.99166666393867 ] ] ], [ [ [ -60.173581367998288, -30.99166666393867 ], [ -60.178441915766321, -30.99166666393867 ], [ -60.173185651498301, -30.983333330606076 ], [ -60.168325528273066, -30.983333330606076 ], [ -60.173581367998288, -30.99166666393867 ] ] ] ] } },
{ "type": "Feature", "properties": { "_uid_": 498475.0, "id": 23932355.0, "initialdat": "2020-12-28", "finaldate": "2020-12-30", "area_ha": 193.0146781295538 }, "geometry": { "type": "MultiPolygon", "coordinates": [ [ [ [ -60.328962713630688, -31.037499997267943 ], [ -60.324099827711478, -31.037499997267943 ], [ -60.332021764051014, -31.049999997266838 ], [ -60.336885288578557, -31.049999997266838 ], [ -60.341748813106101, -31.049999997266838 ], [ -60.339107191600867, -31.045833330600537 ], [ -60.343970503214614, -31.045833330600537 ], [ -60.341329219193177, -31.041666663934237 ], [ -60.336048301942242, -31.033333330601646 ], [ -60.326322955665312, -31.033333330601646 ], [ -60.328962713630688, -31.037499997267943 ] ], [ [ -60.336466120448875, -31.041666663934237 ], [ -60.331603571946644, -31.041666663934237 ], [ -60.328962713630688, -31.037499997267943 ], [ -60.333825599549911, -31.037499997267943 ], [ -60.336466120448875, -31.041666663934237 ] ] ] ] } },
{ "type": "Feature", "properties": { "_uid_": 577537.0, "id": 22818048.0, "initialdat": "2020-01-27", "finaldate": "2020-01-28", "area_ha": 64.339721566510207 }, "geometry": { "type": "MultiPolygon", "coordinates": [ [ [ [ -60.406647057290691, -31.129166663926483 ], [ -60.403994318721296, -31.12499999726019 ], [ -60.399126954150887, -31.12499999726019 ], [ -60.401779478962126, -31.129166663926483 ], [ -60.406647057290691, -31.129166663926483 ] ] ], [ [ [ -60.406647057290691, -31.129166663926483 ], [ -60.411514635619248, -31.129166663926483 ], [ -60.406209283405076, -31.120833330593893 ], [ -60.401342132548294, -31.120833330593893 ], [ -60.406647057290691, -31.129166663926483 ] ] ] ] } },
{ "type": "Feature", "properties": { "_uid_": 577539.0, "id": 22818050.0, "initialdat": "2020-01-24", "finaldate": "2020-01-24", "area_ha": 21.44680214948654 }, "geometry": { "type": "MultiPolygon", "coordinates": [ [ [ [ -60.440733601186196, -31.17499999725576 ], [ -60.435863668577923, -31.17499999725576 ], [ -60.438523043778396, -31.179166663922061 ], [ -60.443393190679593, -31.179166663922061 ], [ -60.440733601186196, -31.17499999725576 ] ] ] ] } },
{ "type": "Feature", "properties": { "_uid_": 577540.0, "id": 22818051.0, "initialdat": "2020-01-27", "finaldate": "2020-01-31", "area_ha": 64.34044399785995 }, "geometry": { "type": "MultiPolygon", "coordinates": [ [ [ [ -60.362814679453763, -31.17499999725576 ], [ -60.357944746845483, -31.17499999725576 ], [ -60.36060069335916, -31.179166663922061 ], [ -60.365470840260343, -31.179166663922061 ], [ -60.362814679453763, -31.17499999725576 ] ] ], [ [ [ -60.36060069335916, -31.179166663922061 ], [ -60.350860399556737, -31.179166663922061 ], [ -60.353516470391185, -31.183333330588354 ], [ -60.363257192868673, -31.183333330588354 ], [ -60.36060069335916, -31.179166663922061 ] ] ] ] } },
{ "type": "Feature", "properties": { "_uid_": 577541.0, "id": 22818053.0, "initialdat": "2020-01-31", "finaldate": "2020-01-31", "area_ha": 21.446950543725489 }, "geometry": { "type": "MultiPolygon", "coordinates": [ [ [ [ -60.374336160302001, -31.208333330586139 ], [ -60.369464512100564, -31.208333330586139 ], [ -60.37212445611388, -31.21249999725244 ], [ -60.376996318965411, -31.21249999725244 ], [ -60.374336160302001, -31.208333330586139 ] ] ] ] } },
{ "type": "Feature", "properties": { "_uid_": 577542.0, "id": 22818054.0, "initialdat": "2020-01-27", "finaldate": "2020-01-29", "area_ha": 64.341618816685681 }, "geometry": { "type": "MultiPolygon", "coordinates": [ [ [ [ -60.406400512028895, -31.30416666391098 ], [ -60.409072138814217, -31.308333330577277 ], [ -60.413948950967196, -31.308333330577277 ], [ -60.411277108501984, -31.30416666391098 ], [ -60.416153704975073, -31.30416666391098 ], [ -60.413482202648581, -31.299999997244687 ], [ -60.403729440972455, -31.299999997244687 ], [ -60.406400512028895, -31.30416666391098 ] ] ] ] } },
{ "type": "Feature", "properties": { "_uid_": 623448.0, "id": 22925387.0, "initialdat": "2020-02-02", "finaldate": "2020-02-02", "area_ha": 21.44741453236341 }, "geometry": { "type": "MultiPolygon", "coordinates": [ [ [ [ -60.431252432941385, -31.312499997243577 ], [ -60.426375405063652, -31.312499997243577 ], [ -60.429048790921712, -31.316666663909871 ], [ -60.43392603456909, -31.316666663909871 ], [ -60.431252432941385, -31.312499997243577 ] ] ] ] } },
{ "type": "Feature", "properties": { "_uid_": 685597.0, "id": 22925377.0, "initialdat": "2020-02-24", "finaldate": "2020-03-02", "area_ha": 493.21944255169632 }, "geometry": { "type": "MultiPolygon", "coordinates": [ [ [ [ -60.15225726252126, -30.616666663971898 ], [ -60.161940497753498, -30.616666663971898 ], [ -60.166782115369614, -30.616666663971898 ], [ -60.164193032648804, -30.612499997305598 ], [ -60.169034441921582, -30.612499997305598 ], [ -60.166445691867736, -30.608333330639304 ], [ -60.161604490894767, -30.608333330639304 ], [ -60.156763289921805, -30.608333330639304 ], [ -60.151922088948844, -30.608333330639304 ], [ -60.147080887975889, -30.608333330639304 ], [ -60.144493511860269, -30.604166663973004 ], [ -60.139652519143596, -30.604166663973004 ], [ -60.134811526426915, -30.604166663973004 ], [ -60.129970533710228, -30.604166663973004 ], [ -60.132557285056983, -30.608333330639304 ], [ -60.127716084084007, -30.608333330639304 ], [ -60.130303167739363, -30.612499997305598 ], [ -60.125461758466599, -30.612499997305598 ], [ -60.128049174440662, -30.616666663971898 ], [ -60.132890792056777, -30.616666663971898 ], [ -60.135478957133401, -30.620833330638192 ], [ -60.14032078313641, -30.620833330638192 ], [ -60.145162609139419, -30.620833330638192 ], [ -60.150004435142414, -30.620833330638192 ], [ -60.154846261145423, -30.620833330638192 ], [ -60.15225726252126, -30.616666663971898 ] ], [ [ -60.15225726252126, -30.616666663971898 ], [ -60.147415644905138, -30.616666663971898 ], [ -60.144827395557698, -30.612499997305598 ], [ -60.149668804830476, -30.612499997305598 ], [ -60.15225726252126, -30.616666663971898 ] ] ], [ [ [ -60.144493511860269, -30.604166663973004 ], [ -60.149334504576949, -30.604166663973004 ], [ -60.14674746089041, -30.599999997306703 ], [ -60.141906676386505, -30.599999997306703 ], [ -60.144493511860269, -30.604166663973004 ] ] ] ] } },
{ "type": "Feature", "properties": { "_uid_": 685598.0, "id": 22925378.0, "initialdat": "2020-02-27", "finaldate": "2020-03-02", "area_ha": 85.778355752873424 }, "geometry": { "type": "MultiPolygon", "coordinates": [ [ [ [ -60.171770102412864, -30.67916666396636 ], [ -60.174366390559008, -30.68333333063266 ], [ -60.179211347595299, -30.68333333063266 ], [ -60.176614850408242, -30.67916666396636 ], [ -60.181459598403634, -30.67916666396636 ], [ -60.178863434483404, -30.674999997300059 ], [ -60.176267812773276, -30.670833330633766 ], [ -60.171423482728748, -30.670833330633766 ], [ -60.174018895485283, -30.674999997300059 ], [ -60.169174356487154, -30.674999997300059 ], [ -60.171770102412864, -30.67916666396636 ] ] ] ] } },
{ "type": "Feature", "properties": { "_uid_": 685599.0, "id": 22925379.0, "initialdat": "2020-02-22", "finaldate": "2020-02-25", "area_ha": 107.22384467389584 }, "geometry": { "type": "MultiPolygon", "coordinates": [ [ [ [ -59.994190104359873, -30.720833330629336 ], [ -59.996783022013545, -30.724999997295637 ], [ -60.00163007186184, -30.724999997295637 ], [ -59.999036944730257, -30.720833330629336 ], [ -60.003883785100626, -30.720833330629336 ], [ -60.001290989939982, -30.716666663963036 ], [ -60.006137620876196, -30.716666663963036 ], [ -60.003545157676356, -30.712499997296735 ], [ -59.998698736130613, -30.712499997296735 ], [ -59.993852314584871, -30.712499997296735 ], [ -59.996444359003796, -30.716666663963036 ], [ -59.991597728067603, -30.716666663963036 ], [ -59.994190104359873, -30.720833330629336 ] ] ] ] } },
{ "type": "Feature", "properties": { "_uid_": 685600.0, "id": 22925380.0, "initialdat": "2020-02-21", "finaldate": "2020-02-29", "area_ha": 428.89678261985779 }, "geometry": { "type": "MultiPolygon", "coordinates": [ [ [ [ -60.18357233718443, -30.72916666396193 ], [ -60.178725077814491, -30.72916666396193 ], [ -60.181326832404082, -30.733333330628227 ], [ -60.176479363468708, -30.733333330628227 ], [ -60.179081451722595, -30.737499997294528 ], [ -60.18877680881166, -30.737499997294528 ], [ -60.186174301339449, -30.733333330628227 ], [ -60.191021770274808, -30.733333330628227 ], [ -60.200716708145542, -30.733333330628227 ], [ -60.205564177080895, -30.733333330628227 ], [ -60.202961374664241, -30.72916666396193 ], [ -60.207808634034194, -30.72916666396193 ], [ -60.205206165490111, -30.724999997295637 ], [ -60.210053215338412, -30.724999997295637 ], [ -60.20484948926017, -30.716666663963036 ], [ -60.19515622738777, -30.716666663963036 ], [ -60.190309596451577, -30.716666663963036 ], [ -60.192910559545282, -30.720833330629336 ], [ -60.183216878804529, -30.720833330629336 ], [ -60.185817966096941, -30.724999997295637 ], [ -60.180970916248647, -30.724999997295637 ], [ -60.18357233718443, -30.72916666396193 ] ] ] ] } },
{ "type": "Feature", "properties": { "_uid_": 685605.0, "id": 22925386.0, "initialdat": "2020-02-15", "finaldate": "2020-02-21", "area_ha": 235.91157863218783 }, "geometry": { "type": "MultiPolygon", "coordinates": [ [ [ [ -60.456657127368764, -31.154166663924268 ], [ -60.459315234027812, -31.158333330590569 ], [ -60.464184309910408, -31.158333330590569 ], [ -60.469053385793003, -31.158333330590569 ], [ -60.466394850994043, -31.154166663924268 ], [ -60.471263712806667, -31.154166663924268 ], [ -60.468605517486374, -31.149999997257975 ], [ -60.473474165273622, -31.149999997257975 ], [ -60.47081630941998, -31.145833330591678 ], [ -60.475684743226417, -31.145833330591678 ], [ -60.47302722682749, -31.141666663925378 ], [ -60.458422567217042, -31.141666663925378 ], [ -60.461079441807144, -31.145833330591678 ], [ -60.456211008000722, -31.145833330591678 ], [ -60.458868221911878, -31.149999997257975 ], [ -60.45399957412463, -31.149999997257975 ], [ -60.456657127368764, -31.154166663924268 ] ] ] ] } },
{ "type": "Feature", "properties": { "_uid_": 721459.0, "id": 23031092.0, "initialdat": "2020-03-07", "finaldate": "2020-03-07", "area_ha": 21.444607349729537 }, "geometry": { "type": "MultiPolygon", "coordinates": [ [ [ [ -60.171770102412864, -30.67916666396636 ], [ -60.166925354417508, -30.67916666396636 ], [ -60.169521433522718, -30.68333333063266 ], [ -60.174366390559008, -30.68333333063266 ], [ -60.171770102412864, -30.67916666396636 ] ] ] ] } },
{ "type": "Feature", "properties": { "_uid_": 763606.0, "id": 23031089.0, "initialdat": "2020-03-30", "finaldate": "2020-03-30", "area_ha": 64.332776496171945 }, "geometry": { "type": "MultiPolygon", "coordinates": [ [ [ [ -60.110276923449639, -30.59583333064041 ], [ -60.105436347114981, -30.59583333064041 ], [ -60.113192481165115, -30.608333330639304 ], [ -60.118033682138091, -30.608333330639304 ], [ -60.110276923449639, -30.59583333064041 ] ] ] ] } },
{ "type": "Feature", "properties": { "_uid_": 763608.0, "id": 23031091.0, "initialdat": "2020-03-25", "finaldate": "2020-03-27", "area_ha": 42.889086126065251 }, "geometry": { "type": "MultiPolygon", "coordinates": [ [ [ [ -60.130075642964705, -30.666666663967465 ], [ -60.125231521830159, -30.666666663967465 ], [ -60.127824512328147, -30.670833330633766 ], [ -60.132668842372674, -30.670833330633766 ], [ -60.130075642964705, -30.666666663967465 ] ] ], [ [ [ -60.137170809715386, -30.662499997301168 ], [ -60.132326897447165, -30.662499997301168 ], [ -60.134919764099237, -30.666666663967465 ], [ -60.139763885233805, -30.666666663967465 ], [ -60.137170809715386, -30.662499997301168 ] ] ] ] } },
{ "type": "Feature", "properties": { "_uid_": 763609.0, "id": 23031093.0, "initialdat": "2020-03-25", "finaldate": "2020-03-27", "area_ha": 42.889526901984205 }, "geometry": { "type": "MultiPolygon", "coordinates": [ [ [ [ -60.161229810834399, -30.716666663963036 ], [ -60.156383179898214, -30.716666663963036 ], [ -60.158982676952647, -30.720833330629336 ], [ -60.163829517323016, -30.720833330629336 ], [ -60.161229810834399, -30.716666663963036 ] ] ], [ [ [ -60.168323490231572, -30.712499997296735 ], [ -60.163477068685815, -30.712499997296735 ], [ -60.166076441770599, -30.716666663963036 ], [ -60.170923072706799, -30.716666663963036 ], [ -60.168323490231572, -30.712499997296735 ] ] ] ] } },
{ "type": "Feature", "properties": { "_uid_": 763610.0, "id": 23031094.0, "initialdat": "2020-03-23", "finaldate": "2020-03-24", "area_ha": 64.334299463367458 }, "geometry": { "type": "MultiPolygon", "coordinates": [ [ [ [ -60.148937804048593, -30.712499997296735 ], [ -60.144091382502864, -30.712499997296735 ], [ -60.146689918025821, -30.716666663963036 ], [ -60.151536548962021, -30.716666663963036 ], [ -60.148937804048593, -30.712499997296735 ] ] ], [ [ [ -60.146689918025821, -30.716666663963036 ], [ -60.141843287089635, -30.716666663963036 ], [ -60.136996656153435, -30.716666663963036 ], [ -60.139595315471141, -30.720833330629336 ], [ -60.144442155841524, -30.720833330629336 ], [ -60.149288996211894, -30.720833330629336 ], [ -60.146689918025821, -30.716666663963036 ] ] ] ] } },
{ "type": "Feature", "properties": { "_uid_": 803428.0, "id": 23121402.0, "initialdat": "2020-04-07", "finaldate": "2020-04-07", "area_ha": 21.444717669129371 }, "geometry": { "type": "MultiPolygon", "coordinates": [ [ [ [ -60.206739979598808, -30.704166663964145 ], [ -60.201893976702813, -30.704166663964145 ], [ -60.204494148132262, -30.708333330630438 ], [ -60.209340360331282, -30.708333330630438 ], [ -60.206739979598808, -30.704166663964145 ] ] ] ] } },
{ "type": "Feature", "properties": { "_uid_": 803429.0, "id": 23121407.0, "initialdat": "2020-04-08", "finaldate": "2020-04-08", "area_ha": 21.444827865993975 }, "geometry": { "type": "MultiPolygon", "coordinates": [ [ [ [ -60.19326685592435, -30.72916666396193 ], [ -60.188419596554397, -30.72916666396193 ], [ -60.191021770274808, -30.733333330628227 ], [ -60.195869239210175, -30.733333330628227 ], [ -60.19326685592435, -30.72916666396193 ] ] ] ] } },
{ "type": "Feature", "properties": { "_uid_": 803431.0, "id": 23121417.0, "initialdat": "2020-04-10", "finaldate": "2020-04-10", "area_ha": 21.446598427152633 }, "geometry": { "type": "MultiPolygon", "coordinates": [ [ [ [ -60.250884550776746, -31.129166663926483 ], [ -60.246016972448182, -31.129166663926483 ], [ -60.248663208026876, -31.133333330592784 ], [ -60.253531000158098, -31.133333330592784 ], [ -60.250884550776746, -31.129166663926483 ] ] ] ] } },
{ "type": "Feature", "properties": { "_uid_": 803432.0, "id": 23121418.0, "initialdat": "2020-04-10", "finaldate": "2020-04-10", "area_ha": 64.338827007722855 }, "geometry": { "type": "MultiPolygon", "coordinates": [ [ [ [ -60.261046006691053, -31.137499997259084 ], [ -60.251309994734214, -31.137499997259084 ], [ -60.25660522193742, -31.145833330591678 ], [ -60.261473655743842, -31.145833330591678 ], [ -60.258825552540976, -31.141666663925378 ], [ -60.263693772411131, -31.141666663925378 ], [ -60.261046006691053, -31.137499997259084 ] ] ] ] } },
{ "type": "Feature", "properties": { "_uid_": 843368.0, "id": 23121397.0, "initialdat": "2020-04-06", "finaldate": "2020-04-22", "area_ha": 1522.5401713876722 }, "geometry": { "type": "MultiPolygon", "coordinates": [ [ [ [ -60.106428001115397, -30.620833330638192 ], [ -60.109015456465869, -30.624999997304489 ], [ -60.113857490899314, -30.624999997304489 ], [ -60.118699525332737, -30.624999997304489 ], [ -60.123541559766167, -30.624999997304489 ], [ -60.128383594199605, -30.624999997304489 ], [ -60.125795305127404, -30.620833330638192 ], [ -60.130637131130399, -30.620833330638192 ], [ -60.135478957133401, -30.620833330638192 ], [ -60.14032078313641, -30.620833330638192 ], [ -60.1377324096729, -30.616666663971898 ], [ -60.142574027289029, -30.616666663971898 ], [ -60.139985986284934, -30.612499997305598 ], [ -60.137398486029952, -30.608333330639304 ], [ -60.156763289921805, -30.608333330639304 ], [ -60.154175497293622, -30.604166663973004 ], [ -60.159016490010302, -30.604166663973004 ], [ -60.15642902989822, -30.599999997306703 ], [ -60.151588245394329, -30.599999997306703 ], [ -60.149001804394103, -30.59583333064041 ], [ -60.153842110461412, -30.59583333064041 ], [ -60.151255731602753, -30.591666663974113 ], [ -60.146415363393878, -30.591666663974113 ], [ -60.141574995184989, -30.591666663974113 ], [ -60.144160957792131, -30.59583333064041 ], [ -60.139320381457495, -30.59583333064041 ], [ -60.141906676386505, -30.599999997306703 ], [ -60.137065891882607, -30.599999997306703 ], [ -60.139652519143596, -30.604166663973004 ], [ -60.134811526426915, -30.604166663973004 ], [ -60.132225107378702, -30.599999997306703 ], [ -60.122543538370877, -30.599999997306703 ], [ -60.117702753866979, -30.599999997306703 ], [ -60.112861969363074, -30.599999997306703 ], [ -60.115447555560209, -30.604166663973004 ], [ -60.118033682138091, -30.608333330639304 ], [ -60.113192481165115, -30.608333330639304 ], [ -60.110606562843529, -30.604166663973004 ], [ -60.105765570126842, -30.604166663973004 ], [ -60.108351280192153, -30.608333330639304 ], [ -60.103510079219198, -30.608333330639304 ], [ -60.100924577410176, -30.604166663973004 ], [ -60.096083854796831, -30.604166663973004 ], [ -60.093498831347446, -30.599999997306703 ], [ -60.069294908827914, -30.599999997306703 ], [ -60.071878621110102, -30.604166663973004 ], [ -60.067037628393415, -30.604166663973004 ], [ -60.069621672408424, -30.608333330639304 ], [ -60.0744628733814, -30.608333330639304 ], [ -60.077047665738824, -30.612499997305598 ], [ -60.079632998279472, -30.616666663971898 ], [ -60.08447461589558, -30.616666663971898 ], [ -60.089316233511703, -30.616666663971898 ], [ -60.094157851127818, -30.616666663971898 ], [ -60.098999468743941, -30.616666663971898 ], [ -60.101586175112395, -30.620833330638192 ], [ -60.106428001115397, -30.620833330638192 ] ] ] ] } },
{ "type": "Feature", "properties": { "_uid_": 843371.0, "id": 23121401.0, "initialdat": "2020-04-03", "finaldate": "2020-04-17", "area_ha": 493.22870458328725 }, "geometry": { "type": "MultiPolygon", "coordinates": [ [ [ [ -60.049415357763998, -30.708333330630438 ], [ -60.044569145564999, -30.708333330630438 ], [ -60.041975881135237, -30.704166663964145 ], [ -60.037129878239249, -30.704166663964145 ], [ -60.039722933366001, -30.708333330630438 ], [ -60.042316530042292, -30.712499997296735 ], [ -60.037470108496557, -30.712499997296735 ], [ -60.040064037429545, -30.716666663963036 ], [ -60.044910668365738, -30.716666663963036 ], [ -60.049757299301938, -30.716666663963036 ], [ -60.054603930238123, -30.716666663963036 ], [ -60.052009373133764, -30.712499997296735 ], [ -60.049415357763998, -30.708333330630438 ] ] ], [ [ [ -60.049415357763998, -30.708333330630438 ], [ -60.054261569963018, -30.708333330630438 ], [ -60.051667886927206, -30.704166663964145 ], [ -60.056513889823194, -30.704166663964145 ], [ -60.061359892719189, -30.704166663964145 ], [ -60.058766332747794, -30.699999997297844 ], [ -60.06361212638447, -30.699999997297844 ], [ -60.061018898770335, -30.695833330631551 ], [ -60.056173314349294, -30.695833330631551 ], [ -60.051327729928239, -30.695833330631551 ], [ -60.048735462176978, -30.69166666396525 ], [ -60.04389008692786, -30.69166666396525 ], [ -60.046482145507198, -30.695833330631551 ], [ -60.049074745474456, -30.699999997297844 ], [ -60.044228951837788, -30.699999997297844 ], [ -60.039383158201119, -30.699999997297844 ], [ -60.041975881135237, -30.704166663964145 ], [ -60.046821884031225, -30.704166663964145 ], [ -60.049415357763998, -30.708333330630438 ] ] ], [ [ [ -60.064297192110516, -30.716666663963036 ], [ -60.066892709915507, -30.720833330629336 ], [ -60.071739550285891, -30.720833330629336 ], [ -60.07658639065626, -30.720833330629336 ], [ -60.073990453982901, -30.716666663963036 ], [ -60.078837084919101, -30.716666663963036 ], [ -60.083683715855294, -30.716666663963036 ], [ -60.081087902408221, -30.712499997296735 ], [ -60.078492630958053, -30.708333330630438 ], [ -60.073646418759047, -30.708333330630438 ], [ -60.068800206560034, -30.708333330630438 ], [ -60.071395059316735, -30.712499997296735 ], [ -60.066548637771, -30.712499997296735 ], [ -60.061702216225257, -30.712499997296735 ], [ -60.064297192110516, -30.716666663963036 ] ] ] ] } },
{ "type": "Feature", "properties": { "_uid_": 843372.0, "id": 23121405.0, "initialdat": "2020-04-06", "finaldate": "2020-04-15", "area_ha": 300.22902837491034 }, "geometry": { "type": "MultiPolygon", "coordinates": [ [ [ [ -60.188419596554397, -30.72916666396193 ], [ -60.18357233718443, -30.72916666396193 ], [ -60.186174301339449, -30.733333330628227 ], [ -60.191021770274808, -30.733333330628227 ], [ -60.188419596554397, -30.72916666396193 ] ] ], [ [ [ -60.188419596554397, -30.72916666396193 ], [ -60.202961374664241, -30.72916666396193 ], [ -60.207808634034194, -30.72916666396193 ], [ -60.212655893404154, -30.72916666396193 ], [ -60.210053215338412, -30.724999997295637 ], [ -60.207451080656405, -30.720833330629336 ], [ -60.202604240286021, -30.720833330629336 ], [ -60.200002858323955, -30.716666663963036 ], [ -60.19515622738777, -30.716666663963036 ], [ -60.190309596451577, -30.716666663963036 ], [ -60.192910559545282, -30.720833330629336 ], [ -60.188063719174906, -30.720833330629336 ], [ -60.183216878804529, -30.720833330629336 ], [ -60.178370038434146, -30.720833330629336 ], [ -60.180970916248647, -30.724999997295637 ], [ -60.185817966096941, -30.724999997295637 ], [ -60.188419596554397, -30.72916666396193 ] ] ] ] } },
{ "type": "Feature", "properties": { "_uid_": 843373.0, "id": 23121406.0, "initialdat": "2020-04-07", "finaldate": "2020-04-15", "area_ha": 235.89294655737876 }, "geometry": { "type": "MultiPolygon", "coordinates": [ [ [ [ -60.154488780964719, -30.72916666396193 ], [ -60.159690737544452, -30.737499997294528 ], [ -60.16453841608898, -30.737499997294528 ], [ -60.161937228211819, -30.733333330628227 ], [ -60.166784425597974, -30.733333330628227 ], [ -60.164183299704618, -30.72916666396193 ], [ -60.169030559074571, -30.72916666396193 ], [ -60.166429766703772, -30.724999997295637 ], [ -60.161582716855484, -30.724999997295637 ], [ -60.158982676952647, -30.720833330629336 ], [ -60.149288996211894, -30.720833330629336 ], [ -60.151888617158896, -30.724999997295637 ], [ -60.147041567310609, -30.724999997295637 ], [ -60.149641521594774, -30.72916666396193 ], [ -60.144794262224814, -30.72916666396193 ], [ -60.147394549856521, -30.733333330628227 ], [ -60.157089487727262, -30.733333330628227 ], [ -60.154488780964719, -30.72916666396193 ] ] ] ] } },
{ "type": "Feature", "properties": { "_uid_": 843382.0, "id": 23121419.0, "initialdat": "2020-04-21", "finaldate": "2020-04-23", "area_ha": 128.68333568758965 }, "geometry": { "type": "MultiPolygon", "coordinates": [ [ [ [ -60.398049156116905, -31.329166663908769 ], [ -60.402927047342573, -31.329166663908769 ], [ -60.400253503999515, -31.324999997242468 ], [ -60.405131179320847, -31.324999997242468 ], [ -60.402457976177949, -31.320833330576171 ], [ -60.387825597792208, -31.320833330576171 ], [ -60.390498153356837, -31.324999997242468 ], [ -60.385620478035491, -31.324999997242468 ], [ -60.388293373665562, -31.329166663908769 ], [ -60.398049156116905, -31.329166663908769 ] ] ] ] } },
{ "type": "Feature", "properties": { "_uid_": 876494.0, "id": 23192314.0, "initialdat": "2020-05-02", "finaldate": "2020-05-11", "area_ha": 578.99412937912939 }, "geometry": { "type": "MultiPolygon", "coordinates": [ [ [ [ -60.095102396599891, -30.579166663975219 ], [ -60.08542290841487, -30.579166663975219 ], [ -60.093171313096207, -30.591666663974113 ], [ -60.098011681305081, -30.591666663974113 ], [ -60.092845122265537, -30.583333330641519 ], [ -60.097685074353365, -30.583333330641519 ], [ -60.095102396599891, -30.579166663975219 ] ] ], [ [ [ -60.093171313096207, -30.591666663974113 ], [ -60.090587971705858, -30.587499997307813 ], [ -60.08542290841487, -30.579166663975219 ], [ -60.080583164322348, -30.579166663975219 ], [ -60.078001650179715, -30.574999997308922 ], [ -60.073162114039043, -30.574999997308922 ], [ -60.075743420229834, -30.579166663975219 ], [ -60.070903676137313, -30.579166663975219 ], [ -60.073485313914254, -30.583333330641519 ], [ -60.076067491326015, -30.587499997307813 ], [ -60.07122733119941, -30.587499997307813 ], [ -60.073809840260679, -30.591666663974113 ], [ -60.068969472051791, -30.591666663974113 ], [ -60.071552312772489, -30.59583333064041 ], [ -60.061871160103195, -30.59583333064041 ], [ -60.064454124323994, -30.599999997306703 ], [ -60.078976477835731, -30.599999997306703 ], [ -60.088658046843541, -30.599999997306703 ], [ -60.098339615851359, -30.599999997306703 ], [ -60.095755194445701, -30.59583333064041 ], [ -60.093171313096207, -30.591666663974113 ] ] ] ] } },
{ "type": "Feature", "properties": { "_uid_": 876495.0, "id": 23192315.0, "initialdat": "2020-05-02", "finaldate": "2020-05-04", "area_ha": 64.332441505098345 }, "geometry": { "type": "MultiPolygon", "coordinates": [ [ [ [ -60.052840619374948, -30.612499997305598 ], [ -60.055424910198866, -30.616666663971898 ], [ -60.060266527814996, -30.616666663971898 ], [ -60.057682028647726, -30.612499997305598 ], [ -60.06252343792049, -30.612499997305598 ], [ -60.059939270462493, -30.608333330639304 ], [ -60.05025686851657, -30.608333330639304 ], [ -60.052840619374948, -30.612499997305598 ] ] ] ] } },
{ "type": "Feature", "properties": { "_uid_": 876498.0, "id": 23192318.0, "initialdat": "2020-05-08", "finaldate": "2020-05-13", "area_ha": 64.33439125471115 }, "geometry": { "type": "MultiPolygon", "coordinates": [ [ [ [ -60.054947620193062, -30.724999997295637 ], [ -60.057543593565669, -30.72916666396193 ], [ -60.062390852935621, -30.72916666396193 ], [ -60.059794670041342, -30.724999997295637 ], [ -60.064641719889643, -30.724999997295637 ], [ -60.062045869545138, -30.720833330629336 ], [ -60.057199029174768, -30.720833330629336 ], [ -60.052352188804399, -30.720833330629336 ], [ -60.054947620193062, -30.724999997295637 ] ] ] ] } },
{ "type": "Feature", "properties": { "_uid_": 876499.0, "id": 23192319.0, "initialdat": "2020-05-12", "finaldate": "2020-05-12", "area_ha": 21.444827711987497 }, "geometry": { "type": "MultiPolygon", "coordinates": [ [ [ [ -60.164183299704618, -30.72916666396193 ], [ -60.159336040334665, -30.72916666396193 ], [ -60.161936956662629, -30.733333330628227 ], [ -60.166784425597974, -30.733333330628227 ], [ -60.164183299704618, -30.72916666396193 ] ] ] ] } },
{ "type": "Feature", "properties": { "_uid_": 876505.0, "id": 23192328.0, "initialdat": "2020-05-10", "finaldate": "2020-05-10", "area_ha": 64.34099546957016 }, "geometry": { "type": "MultiPolygon", "coordinates": [ [ [ [ -60.413482202648581, -31.299999997244687 ], [ -60.403729440972455, -31.299999997244687 ], [ -60.409072138814217, -31.308333330577277 ], [ -60.413948950967196, -31.308333330577277 ], [ -60.411277108501984, -31.30416666391098 ], [ -60.416153704975073, -31.30416666391098 ], [ -60.413482202648581, -31.299999997244687 ] ] ] ] } },
{ "type": "Feature", "properties": { "_uid_": 876506.0, "id": 23192329.0, "initialdat": "2020-05-09", "finaldate": "2020-05-10", "area_ha": 85.788373294949537 }, "geometry": { "type": "MultiPolygon", "coordinates": [ [ [ [ -60.384688078049308, -31.308333330577277 ], [ -60.389564890202294, -31.308333330577277 ], [ -60.386894126136532, -31.30416666391098 ], [ -60.38422391762019, -31.299999997244687 ], [ -60.374471155944065, -31.299999997244687 ], [ -60.379811265896329, -31.308333330577277 ], [ -60.384688078049308, -31.308333330577277 ] ] ] ] } },
{ "type": "Feature", "properties": { "_uid_": 972396.0, "id": 23263357.0, "initialdat": "2020-06-30", "finaldate": "2020-06-30", "area_ha": 21.444699189293384 }, "geometry": { "type": "MultiPolygon", "coordinates": [ [ [ [ -60.087841094567814, -30.699999997297844 ], [ -60.082995300931145, -30.699999997297844 ], [ -60.085589907199122, -30.704166663964145 ], [ -60.090435910095103, -30.704166663964145 ], [ -60.087841094567814, -30.699999997297844 ] ] ] ] } },
{ "type": "Feature", "properties": { "_uid_": 972401.0, "id": 23263358.0, "initialdat": "2020-06-29", "finaldate": "2020-07-04", "area_ha": 793.4527148728132 }, "geometry": { "type": "MultiPolygon", "coordinates": [ [ [ [ -60.032964827322878, -30.720833330629336 ], [ -60.028117986952509, -30.720833330629336 ], [ -60.030712370951591, -30.724999997295637 ], [ -60.035559420799878, -30.724999997295637 ], [ -60.032964827322878, -30.720833330629336 ] ] ], [ [ [ -60.066205895615177, -30.704166663964145 ], [ -60.06361212638447, -30.699999997297844 ], [ -60.058766332747794, -30.699999997297844 ], [ -60.061359892719189, -30.704166663964145 ], [ -60.066205895615177, -30.704166663964145 ] ] ], [ [ [ -60.066205895615177, -30.704166663964145 ], [ -60.071395059316735, -30.712499997296735 ], [ -60.081779890415433, -30.72916666396193 ], [ -60.079182869434518, -30.724999997295637 ], [ -60.069488769737923, -30.724999997295637 ], [ -60.064641719889643, -30.724999997295637 ], [ -60.059794670041342, -30.724999997295637 ], [ -60.062390852935621, -30.72916666396193 ], [ -60.064987577955321, -30.733333330628227 ], [ -60.069835046890688, -30.733333330628227 ], [ -60.067238112305574, -30.72916666396193 ], [ -60.072085371675527, -30.72916666396193 ], [ -60.07693263104548, -30.72916666396193 ], [ -60.079529984761429, -30.733333330628227 ], [ -60.089224922632162, -30.733333330628227 ], [ -60.086627149785386, -30.72916666396193 ], [ -60.091474409155339, -30.72916666396193 ], [ -60.088876969131107, -30.724999997295637 ], [ -60.093724018979394, -30.724999997295637 ], [ -60.088530346791494, -30.716666663963036 ], [ -60.093376977727679, -30.716666663963036 ], [ -60.0907807454997, -30.712499997296735 ], [ -60.085934323953964, -30.712499997296735 ], [ -60.083338843157065, -30.708333330630438 ], [ -60.078492630958053, -30.708333330630438 ], [ -60.073303713657808, -30.699999997297844 ], [ -60.068457920021139, -30.699999997297844 ], [ -60.071051898511165, -30.704166663964145 ], [ -60.066205895615177, -30.704166663964145 ] ], [ [ -60.078837898093205, -30.716666663963036 ], [ -60.076241480862478, -30.712499997296735 ], [ -60.081087902408221, -30.712499997296735 ], [ -60.083683715855294, -30.716666663963036 ], [ -60.078837898093205, -30.716666663963036 ] ] ], [ [ [ -60.059794670041342, -30.724999997295637 ], [ -60.057199029174768, -30.720833330629336 ], [ -60.052352188804399, -30.720833330629336 ], [ -60.054947620193062, -30.724999997295637 ], [ -60.059794670041342, -30.724999997295637 ] ] ], [ [ [ -60.052352188804399, -30.720833330629336 ], [ -60.049757299301938, -30.716666663963036 ], [ -60.040064037429545, -30.716666663963036 ], [ -60.035217406493359, -30.716666663963036 ], [ -60.037811667693262, -30.720833330629336 ], [ -60.042658508063646, -30.720833330629336 ], [ -60.052352188804399, -30.720833330629336 ] ] ], [ [ [ -60.061359892719189, -30.704166663964145 ], [ -60.056513889823194, -30.704166663964145 ], [ -60.059107782162016, -30.708333330630438 ], [ -60.063953994361029, -30.708333330630438 ], [ -60.061359892719189, -30.704166663964145 ] ] ], [ [ [ -60.050100570344767, -30.724999997295637 ], [ -60.045253520496473, -30.724999997295637 ], [ -60.047849074825763, -30.72916666396193 ], [ -60.052696334195716, -30.72916666396193 ], [ -60.050100570344767, -30.724999997295637 ] ] ], [ [ [ -60.047849074825763, -30.72916666396193 ], [ -60.043001815455817, -30.72916666396193 ], [ -60.045597702213882, -30.733333330628227 ], [ -60.050445171149242, -30.733333330628227 ], [ -60.047849074825763, -30.72916666396193 ] ] ], [ [ [ -60.054261569963018, -30.708333330630438 ], [ -60.044569145564999, -30.708333330630438 ], [ -60.047162951588035, -30.712499997296735 ], [ -60.056855794679514, -30.712499997296735 ], [ -60.054261569963018, -30.708333330630438 ] ] ], [ [ [ -60.064297192110516, -30.716666663963036 ], [ -60.066892709915507, -30.720833330629336 ], [ -60.071739550285891, -30.720833330629336 ], [ -60.069143823046716, -30.716666663963036 ], [ -60.066548637771, -30.712499997296735 ], [ -60.061702216225257, -30.712499997296735 ], [ -60.064297192110516, -30.716666663963036 ] ] ] ] } },
{ "type": "Feature", "properties": { "_uid_": 972402.0, "id": 23263359.0, "initialdat": "2020-06-28", "finaldate": "2020-07-04", "area_ha": 600.45076792607313 }, "geometry": { "type": "MultiPolygon", "coordinates": [ [ [ [ -60.137347467614021, -30.724999997295637 ], [ -60.134748475100771, -30.720833330629336 ], [ -60.132150025217236, -30.716666663963036 ], [ -60.136996656153435, -30.716666663963036 ], [ -60.134398810650282, -30.712499997296735 ], [ -60.139244960957114, -30.712499997296735 ], [ -60.144091382502864, -30.712499997296735 ], [ -60.148937804048593, -30.712499997296735 ], [ -60.146339601744181, -30.708333330630438 ], [ -60.141493389545161, -30.708333330630438 ], [ -60.136647177346163, -30.708333330630438 ], [ -60.134049936159002, -30.704166663964145 ], [ -60.124357930367019, -30.704166663964145 ], [ -60.114665924575043, -30.704166663964145 ], [ -60.109819921679062, -30.704166663964145 ], [ -60.112416116351113, -30.708333330630438 ], [ -60.107569904152101, -30.708333330630438 ], [ -60.112763501472458, -30.716666663963036 ], [ -60.117610132408657, -30.716666663963036 ], [ -60.120207953989649, -30.720833330629336 ], [ -60.125054794360018, -30.720833330629336 ], [ -60.127653367917439, -30.724999997295637 ], [ -60.137347467614021, -30.724999997295637 ] ] ], [ [ [ -60.142194517462315, -30.724999997295637 ], [ -60.137347467614021, -30.724999997295637 ], [ -60.139947002854861, -30.72916666396193 ], [ -60.144794262224814, -30.72916666396193 ], [ -60.149641521594774, -30.72916666396193 ], [ -60.147041567310609, -30.724999997295637 ], [ -60.144442155841524, -30.720833330629336 ], [ -60.139595315471141, -30.720833330629336 ], [ -60.142194517462315, -30.724999997295637 ] ] ], [ [ [ -60.127653367917439, -30.724999997295637 ], [ -60.122806318069145, -30.724999997295637 ], [ -60.125405224745002, -30.72916666396193 ], [ -60.130252484114955, -30.72916666396193 ], [ -60.127653367917439, -30.724999997295637 ] ] ], [ [ [ -60.115361113619265, -30.720833330629336 ], [ -60.110514273248896, -30.720833330629336 ], [ -60.113112218372564, -30.724999997295637 ], [ -60.117959268220858, -30.724999997295637 ], [ -60.115361113619265, -30.720833330629336 ] ] ] ] } },
{ "type": "Feature", "properties": { "_uid_": 972403.0, "id": 23263368.0, "initialdat": "2020-06-28", "finaldate": "2020-07-09", "area_ha": 386.00711972051857 }, "geometry": { "type": "MultiPolygon", "coordinates": [ [ [ [ -60.178725077814491, -30.72916666396193 ], [ -60.173877818444524, -30.72916666396193 ], [ -60.176479363468708, -30.733333330628227 ], [ -60.181326832404082, -30.733333330628227 ], [ -60.178725077814491, -30.72916666396193 ] ] ], [ [ [ -60.176479363468708, -30.733333330628227 ], [ -60.171631894533355, -30.733333330628227 ], [ -60.166784425597974, -30.733333330628227 ], [ -60.161936956662629, -30.733333330628227 ], [ -60.159336040334665, -30.72916666396193 ], [ -60.15673566700719, -30.724999997295637 ], [ -60.151888617158896, -30.724999997295637 ], [ -60.147041567310609, -30.724999997295637 ], [ -60.149641521594774, -30.72916666396193 ], [ -60.139947002854861, -30.72916666396193 ], [ -60.142547080921169, -30.733333330628227 ], [ -60.137699611985788, -30.733333330628227 ], [ -60.140300023366301, -30.737499997294528 ], [ -60.145147701910844, -30.737499997294528 ], [ -60.149995380455373, -30.737499997294528 ], [ -60.152596754119308, -30.741666663960821 ], [ -60.162292530514272, -30.741666663960821 ], [ -60.167140418711739, -30.741666663960821 ], [ -60.16453841608898, -30.737499997294528 ], [ -60.169386094633523, -30.737499997294528 ], [ -60.174233773178052, -30.737499997294528 ], [ -60.179081451722595, -30.737499997294528 ], [ -60.176479363468708, -30.733333330628227 ] ] ] ] } },
{ "type": "Feature", "properties": { "_uid_": 972404.0, "id": 23263370.0, "initialdat": "2020-06-30", "finaldate": "2020-06-30", "area_ha": 21.444864486682416 }, "geometry": { "type": "MultiPolygon", "coordinates": [ [ [ [ -60.038498773931046, -30.737499997294528 ], [ -60.033651095386517, -30.737499997294528 ], [ -60.036247437379934, -30.741666663960821 ], [ -60.041095325577402, -30.741666663960821 ], [ -60.038498773931046, -30.737499997294528 ] ] ] ] } },
{ "type": "Feature", "properties": { "_uid_": 972405.0, "id": 23263372.0, "initialdat": "2020-06-19", "finaldate": "2020-06-19", "area_ha": 42.892142824018002 }, "geometry": { "type": "MultiPolygon", "coordinates": [ [ [ [ -60.354248531009219, -31.008333330603861 ], [ -60.349387133624496, -31.008333330603861 ], [ -60.352025293159308, -31.012499997270154 ], [ -60.3568869030589, -31.012499997270154 ], [ -60.354248531009219, -31.008333330603861 ] ] ], [ [ [ -60.352025293159308, -31.012499997270154 ], [ -60.347163683259751, -31.012499997270154 ], [ -60.349802180097974, -31.016666663936455 ], [ -60.354664002556703, -31.016666663936455 ], [ -60.352025293159308, -31.012499997270154 ] ] ] ] } },
{ "type": "Feature", "properties": { "_uid_": 972406.0, "id": 23263373.0, "initialdat": "2020-06-26", "finaldate": "2020-06-26", "area_ha": 42.892142823576926 }, "geometry": { "type": "MultiPolygon", "coordinates": [ [ [ [ -60.349387133624496, -31.008333330603861 ], [ -60.344525736239802, -31.008333330603861 ], [ -60.347163683259751, -31.012499997270154 ], [ -60.352025293159308, -31.012499997270154 ], [ -60.349387133624496, -31.008333330603861 ] ] ], [ [ [ -60.347163683259751, -31.012499997270154 ], [ -60.342302073360173, -31.012499997270154 ], [ -60.344940357639231, -31.016666663936455 ], [ -60.349802180097974, -31.016666663936455 ], [ -60.347163683259751, -31.012499997270154 ] ] ] ] } },
{ "type": "Feature", "properties": { "_uid_": 1019333.0, "id": 23357408.0, "initialdat": "2020-07-04", "finaldate": "2020-07-13", "area_ha": 793.440452511692 }, "geometry": { "type": "MultiPolygon", "coordinates": [ [ [ [ -60.135478957133401, -30.620833330638192 ], [ -60.130637131130399, -30.620833330638192 ], [ -60.125795305127404, -30.620833330638192 ], [ -60.128383594199605, -30.624999997304489 ], [ -60.133225628633021, -30.624999997304489 ], [ -60.138067663066458, -30.624999997304489 ], [ -60.142909697499888, -30.624999997304489 ], [ -60.147751731933326, -30.624999997304489 ], [ -60.145162609139419, -30.620833330638192 ], [ -60.150004435142414, -30.620833330638192 ], [ -60.154846261145423, -30.620833330638192 ], [ -60.164529913151412, -30.620833330638192 ], [ -60.161940497753498, -30.616666663971898 ], [ -60.166782115369614, -30.616666663971898 ], [ -60.171623732985736, -30.616666663971898 ], [ -60.169034441921582, -30.612499997305598 ], [ -60.178717260467138, -30.612499997305598 ], [ -60.176128093813674, -30.608333330639304 ], [ -60.166446232748434, -30.608333330639304 ], [ -60.161269814402132, -30.599999997306703 ], [ -60.15642902989822, -30.599999997306703 ], [ -60.153842110461412, -30.59583333064041 ], [ -60.144160957792131, -30.59583333064041 ], [ -60.149334504576949, -30.604166663973004 ], [ -60.14674746089041, -30.599999997306703 ], [ -60.141906676386505, -30.599999997306703 ], [ -60.144493511860269, -30.604166663973004 ], [ -60.139652519143596, -30.604166663973004 ], [ -60.142239687002913, -30.608333330639304 ], [ -60.132557285056983, -30.608333330639304 ], [ -60.1377324096729, -30.616666663971898 ], [ -60.132890792056777, -30.616666663971898 ], [ -60.135478957133401, -30.620833330638192 ] ] ] ] } },
{ "type": "Feature", "properties": { "_uid_": 1019334.0, "id": 23357410.0, "initialdat": "2020-07-15", "finaldate": "2020-07-15", "area_ha": 21.444277137553691 }, "geometry": { "type": "MultiPolygon", "coordinates": [ [ [ [ -60.178380460877008, -30.604166663973004 ], [ -60.173539468160342, -30.604166663973004 ], [ -60.176128093813674, -30.608333330639304 ], [ -60.180969294786628, -30.608333330639304 ], [ -60.178380460877008, -30.604166663973004 ] ] ] ] } },
{ "type": "Feature", "properties": { "_uid_": 1019336.0, "id": 23357419.0, "initialdat": "2020-07-03", "finaldate": "2020-07-07", "area_ha": 600.44437997083662 }, "geometry": { "type": "MultiPolygon", "coordinates": [ [ [ [ -60.113291522194622, -30.670833330633766 ], [ -60.118135852239135, -30.670833330633766 ], [ -60.127824512328147, -30.670833330633766 ], [ -60.125231521830159, -30.666666663967465 ], [ -60.115543279561074, -30.666666663967465 ], [ -60.112951248374316, -30.662499997301168 ], [ -60.093575599301467, -30.662499997301168 ], [ -60.09875853206109, -30.670833330633766 ], [ -60.093914202016578, -30.670833330633766 ], [ -60.089069871972065, -30.670833330633766 ], [ -60.084225541927552, -30.670833330633766 ], [ -60.086817193519146, -30.674999997300059 ], [ -60.09166173251726, -30.674999997300059 ], [ -60.096847077978403, -30.68333333063266 ], [ -60.101692035014686, -30.68333333063266 ], [ -60.106536992050962, -30.68333333063266 ], [ -60.103943630477623, -30.67916666396636 ], [ -60.108788378473001, -30.67916666396636 ], [ -60.11847787446375, -30.67916666396636 ], [ -60.115884427507858, -30.674999997300059 ], [ -60.113291522194622, -30.670833330633766 ] ], [ [ -60.113291522194622, -30.670833330633766 ], [ -60.108447192150102, -30.670833330633766 ], [ -60.105855037291974, -30.666666663967465 ], [ -60.110699158426527, -30.666666663967465 ], [ -60.113291522194622, -30.670833330633766 ] ], [ [ -60.09875853206109, -30.670833330633766 ], [ -60.103602862105603, -30.670833330633766 ], [ -60.106195349511616, -30.674999997300059 ], [ -60.101350810513495, -30.674999997300059 ], [ -60.09875853206109, -30.670833330633766 ] ] ], [ [ [ -60.096847077978403, -30.68333333063266 ], [ -60.092002120942098, -30.68333333063266 ], [ -60.094595396968465, -30.68749999729895 ], [ -60.099440563089345, -30.68749999729895 ], [ -60.096847077978403, -30.68333333063266 ] ] ], [ [ [ -60.084225541927552, -30.670833330633766 ], [ -60.08163443161925, -30.666666663967465 ], [ -60.076790310484711, -30.666666663967465 ], [ -60.071946459899465, -30.666666663967465 ], [ -60.069356037960404, -30.662499997301168 ], [ -60.064512125692183, -30.662499997301168 ], [ -60.067102068215618, -30.666666663967465 ], [ -60.057413825946519, -30.666666663967465 ], [ -60.060003891704994, -30.670833330633766 ], [ -60.074536881838533, -30.670833330633766 ], [ -60.079381211883046, -30.670833330633766 ], [ -60.084225541927552, -30.670833330633766 ] ] ] ] } },
{ "type": "Feature", "properties": { "_uid_": 1019337.0, "id": 23357420.0, "initialdat": "2020-07-03", "finaldate": "2020-07-12", "area_ha": 107.22281633167268 }, "geometry": { "type": "MultiPolygon", "coordinates": [ [ [ [ -60.166579152684243, -30.670833330633766 ], [ -60.16173482263973, -30.670833330633766 ], [ -60.16432981748904, -30.674999997300059 ], [ -60.169174356487154, -30.674999997300059 ], [ -60.174018895485283, -30.674999997300059 ], [ -60.178863434483404, -30.674999997300059 ], [ -60.176267812773276, -30.670833330633766 ], [ -60.173672733175614, -30.666666663967465 ], [ -60.168828612041068, -30.666666663967465 ], [ -60.163984490906515, -30.666666663967465 ], [ -60.166579152684243, -30.670833330633766 ] ] ] ] } },
{ "type": "Feature", "properties": { "_uid_": 1019338.0, "id": 23357421.0, "initialdat": "2020-07-12", "finaldate": "2020-07-12", "area_ha": 21.444570713138582 }, "geometry": { "type": "MultiPolygon", "coordinates": [ [ [ [ -60.103602862105603, -30.670833330633766 ], [ -60.09875853206109, -30.670833330633766 ], [ -60.101350810513495, -30.674999997300059 ], [ -60.106195349511616, -30.674999997300059 ], [ -60.103602862105603, -30.670833330633766 ] ] ] ] } },
{ "type": "Feature", "properties": { "_uid_": 1019339.0, "id": 23357422.0, "initialdat": "2020-07-09", "finaldate": "2020-07-09", "area_ha": 64.333897118473047 }, "geometry": { "type": "MultiPolygon", "coordinates": [ [ [ [ -60.06969255179402, -30.670833330633766 ], [ -60.060003891704994, -30.670833330633766 ], [ -60.062594498528547, -30.674999997300059 ], [ -60.067439037526668, -30.674999997300059 ], [ -60.070030394509992, -30.67916666396636 ], [ -60.07487514250537, -30.67916666396636 ], [ -60.06969255179402, -30.670833330633766 ] ] ] ] } },
{ "type": "Feature", "properties": { "_uid_": 1019340.0, "id": 23357425.0, "initialdat": "2020-07-03", "finaldate": "2020-07-03", "area_ha": 21.444588857746123 }, "geometry": { "type": "MultiPolygon", "coordinates": [ [ [ [ -60.125573505504093, -30.674999997300059 ], [ -60.120728966505972, -30.674999997300059 ], [ -60.123322622459128, -30.67916666396636 ], [ -60.128167370454499, -30.67916666396636 ], [ -60.125573505504093, -30.674999997300059 ] ] ] ] } },
{ "type": "Feature", "properties": { "_uid_": 1019341.0, "id": 23357426.0, "initialdat": "2020-07-09", "finaldate": "2020-07-13", "area_ha": 42.889196369528769 }, "geometry": { "type": "MultiPolygon", "coordinates": [ [ [ [ -60.089409386491496, -30.67916666396636 ], [ -60.092002120942098, -30.68333333063266 ], [ -60.096847077978403, -30.68333333063266 ], [ -60.094254134486874, -30.67916666396636 ], [ -60.09166173251726, -30.674999997300059 ], [ -60.086817193519146, -30.674999997300059 ], [ -60.089409386491496, -30.67916666396636 ] ] ] ] } },
{ "type": "Feature", "properties": { "_uid_": 1019342.0, "id": 23357427.0, "initialdat": "2020-07-14", "finaldate": "2020-07-14", "area_ha": 21.444588965511318 }, "geometry": { "type": "MultiPolygon", "coordinates": [ [ [ [ -60.077128115522918, -30.674999997300059 ], [ -60.072283576524782, -30.674999997300059 ], [ -60.07487514250537, -30.67916666396636 ], [ -60.079719890500755, -30.67916666396636 ], [ -60.077128115522918, -30.674999997300059 ] ] ] ] } },
{ "type": "Feature", "properties": { "_uid_": 1019343.0, "id": 23357428.0, "initialdat": "2020-07-04", "finaldate": "2020-07-05", "area_ha": 42.889233158290381 }, "geometry": { "type": "MultiPolygon", "coordinates": [ [ [ [ -60.186304346399005, -30.67916666396636 ], [ -60.181459598403634, -30.67916666396636 ], [ -60.184056304631596, -30.68333333063266 ], [ -60.188901261667887, -30.68333333063266 ], [ -60.186304346399005, -30.67916666396636 ] ] ], [ [ [ -60.184056304631596, -30.68333333063266 ], [ -60.179211347595299, -30.68333333063266 ], [ -60.181808387144081, -30.68749999729895 ], [ -60.186653553264961, -30.68749999729895 ], [ -60.184056304631596, -30.68333333063266 ] ] ] ] } },
{ "type": "Feature", "properties": { "_uid_": 1019344.0, "id": 23357429.0, "initialdat": "2020-07-10", "finaldate": "2020-07-10", "area_ha": 21.444607283735277 }, "geometry": { "type": "MultiPolygon", "coordinates": [ [ [ [ -60.108788378473001, -30.67916666396636 ], [ -60.103943630477623, -30.67916666396636 ], [ -60.106536992050962, -30.68333333063266 ], [ -60.111381949087253, -30.68333333063266 ], [ -60.108788378473001, -30.67916666396636 ] ] ] ] } },
{ "type": "Feature", "properties": { "_uid_": 1019345.0, "id": 23357436.0, "initialdat": "2020-07-09", "finaldate": "2020-07-12", "area_ha": 235.89259072622062 }, "geometry": { "type": "MultiPolygon", "coordinates": [ [ [ [ -60.059794670041342, -30.724999997295637 ], [ -60.054947620193062, -30.724999997295637 ], [ -60.060140109019976, -30.733333330628227 ], [ -60.064987577955321, -30.733333330628227 ], [ -60.059794670041342, -30.724999997295637 ] ] ], [ [ [ -60.054947620193062, -30.724999997295637 ], [ -60.050100570344767, -30.724999997295637 ], [ -60.052696334195716, -30.72916666396193 ], [ -60.057543593565669, -30.72916666396193 ], [ -60.054947620193062, -30.724999997295637 ] ] ], [ [ [ -60.064297192110516, -30.716666663963036 ], [ -60.059450561174323, -30.716666663963036 ], [ -60.064641719889643, -30.724999997295637 ], [ -60.069488769737923, -30.724999997295637 ], [ -60.064297192110516, -30.716666663963036 ] ] ], [ [ [ -60.059450561174323, -30.716666663963036 ], [ -60.054603930238123, -30.716666663963036 ], [ -60.057199029174768, -30.720833330629336 ], [ -60.062045869545138, -30.720833330629336 ], [ -60.059450561174323, -30.716666663963036 ] ] ], [ [ [ -60.071739550285891, -30.720833330629336 ], [ -60.074335819586231, -30.724999997295637 ], [ -60.079182869434518, -30.724999997295637 ], [ -60.07658639065626, -30.720833330629336 ], [ -60.073990453982901, -30.716666663963036 ], [ -60.071395059316735, -30.712499997296735 ], [ -60.068800206560034, -30.708333330630438 ], [ -60.063953994361029, -30.708333330630438 ], [ -60.066548637771, -30.712499997296735 ], [ -60.069143823046716, -30.716666663963036 ], [ -60.071739550285891, -30.720833330629336 ] ] ], [ [ [ -60.081087902408221, -30.712499997296735 ], [ -60.076241480862478, -30.712499997296735 ], [ -60.078837084919101, -30.716666663963036 ], [ -60.083683715855294, -30.716666663963036 ], [ -60.081087902408221, -30.712499997296735 ] ] ] ] } },
{ "type": "Feature", "properties": { "_uid_": 1019346.0, "id": 23357442.0, "initialdat": "2020-07-05", "finaldate": "2020-07-05", "area_ha": 64.333351256954671 }, "geometry": { "type": "MultiPolygon", "coordinates": [ [ [ [ -60.00163007186184, -30.724999997295637 ], [ -59.991935972165251, -30.724999997295637 ], [ -59.997123012860222, -30.733333330628227 ], [ -60.001970481795588, -30.733333330628227 ], [ -59.999376481126234, -30.72916666396193 ], [ -60.00422374049618, -30.72916666396193 ], [ -60.00163007186184, -30.724999997295637 ] ] ] ] } },
{ "type": "Feature", "properties": { "_uid_": 1019348.0, "id": 23357458.0, "initialdat": "2020-07-15", "finaldate": "2020-07-15", "area_ha": 21.445545384752752 }, "geometry": { "type": "MultiPolygon", "coordinates": [ [ [ [ -60.319440689934751, -30.891666663947529 ], [ -60.314585225015648, -30.891666663947529 ], [ -60.317209719112569, -30.895833330613829 ], [ -60.322065395309572, -30.895833330613829 ], [ -60.319440689934751, -30.891666663947529 ] ] ] ] } },
{ "type": "Feature", "properties": { "_uid_": 1019353.0, "id": 23357473.0, "initialdat": "2020-07-05", "finaldate": "2020-07-05", "area_ha": 21.446357762265205 }, "geometry": { "type": "MultiPolygon", "coordinates": [ [ [ [ -60.35761010516989, -31.074999997264616 ], [ -60.352745302227568, -31.074999997264616 ], [ -60.355390565788902, -31.079166663930916 ], [ -60.360255581955748, -31.079166663930916 ], [ -60.35761010516989, -31.074999997264616 ] ] ] ] } }
]
}
